,eccentricity,argument of perigee,inclination,mean anomaly,Brouwer mean motion,right ascension
2020-12-05 10:47:44.799647,0.000582,4.5210712237688275,1.1527149217844188,-4.520406253323817,0.05615380109097461,0.17923833286280969
2020-12-06 03:35:09.704831,0.0005827,4.516135432644187,1.1527149217844188,-4.515515840759729,0.0561537992571918,0.1536221354312889
2020-12-07 01:58:23.043359,0.0005834,4.535686610925028,1.1527166671136708,-4.53509319897935,0.05615378732826872,0.11945556999424789
2020-12-08 02:13:32.505312,0.0005817,4.518034350870358,1.152711431125915,-4.517409522998143,0.056153775348867334,0.08240397530366028
2020-12-09 08:04:30.230399,0.0005819,4.518357236781975,1.1527166671136708,-4.517709719629486,0.05615377601978032,0.03684913649735628
2020-12-10 04:35:47.369472,0.0005755,4.520184596508814,1.1527061951381588,-4.519523116722308,0.056153778869333704,0.00551873109480607
2020-12-13 18:34:16.658688,0.0006595,1.6736398529686625,1.1526503446020953,-1.6708996860430316,0.05605040967421627,6.1579352440687165
2020-12-14 15:07:50.364192,0.0008141,4.617032916701979,1.1525979847245353,-4.684657443899751,0.05592977198455696,6.126793334225383
2020-12-15 13:37:38.972352,0.0007693,4.710901959861991,1.152653835260599,-4.710807712082383,0.0559298589756591,6.092783848421021
2020-12-16 08:21:28.922688,0.0007701,4.701768651886304,1.1526520899313473,-4.70161680824138,0.055929823358005976,6.0644693719659175
2020-12-17 01:12:55.866239,0.0008269,4.717855351601936,1.1525665687979993,-4.73023322665708,0.05591849345953382,6.039073086020148
2020-12-18 10:56:27.540383,0.000815,4.872488032670129,1.152681760528631,-4.879614212006023,0.05590750441071227,5.987938429595218
2020-12-19 09:25:43.469472,0.0007699,4.738998270160596,1.1527131764551668,-4.739801121616513,0.05590685946701616,5.9540022476194405
2020-12-21 06:24:02.673503,0.0007839,4.654861182909705,1.1527463377109548,-4.654836748300177,0.05590679041383569,5.886107194387608
2020-12-22 04:53:12.024096,0.0007829,4.651756242170407,1.1527166671136708,-4.6515084054166245,0.05590679364822959,5.852136105826791
2020-12-23 08:59:38.425055,0.0007871,4.643146532970318,1.1527253937599309,-4.642949310764844,0.05590678796364131,5.809700170393801
2020-12-24 09:21:13.363200,0.0007864,4.638730849962773,1.152720157772175,-4.638530137098795,0.05590678375984657,5.7729138657495165
2020-12-25 07:50:22.542719,0.0007864,4.639099114434943,1.1527253937599309,-4.638877457619941,0.05590678556221697,5.738963721139722
2020-12-26 08:11:57.445439,0.0007885,4.638828588400885,1.1527236484306789,-4.638612167573638,0.05590678753755057,5.7021809071539415
2020-12-27 08:33:32.333472,0.0007873,4.636605038933844,1.1527219031014269,-4.63640083541136,0.05590678898882005,5.665396347838909
2020-12-28 05:10:15.718080,0.0007875,4.633445992987734,1.1527236484306789,-4.633238298806747,0.055906790200882676,5.634273636617347
2020-12-29 07:24:16.374240,0.0007874,4.635208775532249,1.152707940467411,-4.635001081351262,0.055906789290918156,5.594638954633807
2020-12-30 13:23:08.554560,0.0007893,4.62470014810599,1.152704449808907,-4.624501180571263,0.05590678852601897,5.549363368507823
2020-12-31 06:15:00.415872,0.0007881,4.62669505944102,1.152700959150403,-4.626497837235544,0.05590678784832691,5.523881561428705
2021-01-01 06:36:35.319456,0.0007895,4.6295923059993305,1.152699213821151,-4.629395083793856,0.05590678838279023,5.487081294150404
2021-01-02 05:05:44.460960,0.0007909,4.6321160520977145,1.152699213821151,-4.631924065879995,0.055906788120871555,5.453118932235847
2021-01-03 05:27:19.367999,0.0007906,4.640769394529102,1.152702704479655,-4.640573917652879,0.05590679041399482,5.416327391603806
2021-01-04 05:48:54.287135,0.0007902,4.640971852722334,1.152702704479655,-4.640771139858354,0.055906790064685664,5.37953061498401
2021-01-05 06:10:29.203679,0.0007889,4.640737978602567,1.1527061951381588,-4.640542501726344,0.0559067890394745,5.342742565010474
2021-01-06 12:09:21.403871,0.0007891,4.640856660991703,1.152707940467411,-4.640661184115479,0.05590678828676006,5.297461742896733
2021-01-07 05:01:13.282463,0.0007856,4.657323842484269,1.1527131764551668,-4.657114402974029,0.05590678987069991,5.271978190488364
2021-01-08 03:30:22.405823,0.0007859,4.652140214605845,1.1527149217844188,-4.651934265754109,0.05590679134473883,5.238021064561561
2021-01-09 05:44:23.063711,0.0007844,4.653786060090476,1.1527219031014269,-4.653580111238741,0.05590679357320075,5.198402090541291
2021-01-10 04:13:32.186208,0.0007846,4.6511244329811845,1.152720157772175,-4.650913248141692,0.055906796028742815,5.164436237968229
2021-01-11 04:35:07.062143,0.000783,4.648272564983426,1.1527166671136708,-4.648061380143933,0.055906798014412146,5.127649933323945
2021-01-12 04:56:41.960543,0.0007817,4.644907570185581,1.1527166671136708,-4.64469638534609,0.05590679840732041,5.09086362867966
2021-01-13 10:55:34.127040,0.0007823,4.636718485335224,1.152711431125915,-4.636509045824983,0.05590679791481985,5.045577570578163
2021-01-14 11:17:09.015935,0.0007819,4.633449483646238,1.152707940467411,-4.633243534794502,0.05590679789208735,5.008780793958367
2021-01-15 02:16:35.103071,0.0007821,4.630112414116425,1.1527061951381588,-4.629899483947681,0.05590679847016936,4.986145618889252
2021-01-16 02:38:09.998015,0.0007808,4.6271348824125225,1.152704449808907,-4.626925442902283,0.05590679717073901,4.949350587598708
2021-01-17 10:29:27.933503,0.0007811,4.619909219309267,1.152700959150403,-4.61967709051875,0.055906798414221005,4.90123709610898
2021-01-18 03:21:19.756799,0.0007817,4.621174583016962,1.1526922325041429,-4.620944199555699,0.05590679837926516,4.875753543700611
2021-01-19 09:20:11.918976,0.0007766,4.623755924980662,1.152699213821151,-4.623530777507155,0.055906800083673956,4.830469230928366
2021-01-20 09:41:46.783679,0.0007751,4.625885226668095,1.152686996516387,-4.625656588536084,0.055906800724500993,4.793661982333058
2021-01-21 10:03:21.635424,0.0007761,4.636187905242617,1.1526677978946152,-4.635961012439859,0.05590680140725491,4.756866951042514
2021-01-22 02:55:13.463039,0.000775,4.639359168493491,1.1526660525653631,-4.639135766349235,0.05590680281485448,4.731395615938908
2021-01-23 08:54:05.600159,0.0007742,4.633027113967255,1.1526608165776069,-4.632798475835243,0.055906804330711546,4.686106067178907
2021-01-24 09:15:40.459679,0.0007725,4.633117871088359,1.1526503446020953,-4.6328857422978444,0.05590680400045461,4.649297073254347
2021-01-25 09:37:15.328704,0.0007719,4.631698918406488,1.152653835260599,-4.6314650442867205,0.05590680607527953,4.612521240585575
2021-01-26 02:29:07.156320,0.000772,4.62939857445236,1.1526503446020953,-4.629166445661844,0.055906805484937,4.587048160152716
2021-01-27 00:58:16.265855,0.000773,4.624338864950828,1.152646853943591,-4.624099754843304,0.05590680524391989,4.5530857982381585
2021-01-28 01:19:51.129696,0.0007736,4.620429327426361,1.1526398726265832,-4.620191962648089,0.05590680384493291,4.516287276289111
2021-01-29 09:11:09.031487,0.0007744,4.61782878684089,1.1526363819680792,-4.617580950087105,0.055906804826433856,4.468179020787138
2021-01-30 07:40:18.090047,0.0007736,4.625934095887151,1.1526224193340633,-4.625689749791872,0.05590680613256997,4.434197460250809
2021-01-31 17:24:01.721088,0.0007729,4.641032939246154,1.152624164663315,-4.640783357163119,0.055906809615033595,4.383254790043599
2021-02-01 08:23:27.764160,0.0007725,4.64039065808142,1.1526206740048113,-4.640149802644645,0.05590680950493951,4.360605652340468
2021-02-02 12:29:54.137472,0.0007706,4.648710642625677,1.152653835260599,-4.648464551201146,0.05590681637941266,4.3181540089442105
2021-02-03 07:14:11.695199,0.0007679,4.653363690411494,1.152646853943591,-4.653112362999205,0.05590681790565131,4.289844768476862
2021-02-04 07:35:46.466591,0.000774,4.655026989188644,1.1526346366388271,-4.654791369739625,0.0559068213410273,4.253051482515571
2021-02-05 06:04:55.532063,0.0007746,4.657938198380971,1.1526328913095751,-4.657704324261203,0.05590682349093158,4.219085629942509
2021-02-06 06:26:30.354431,0.0007731,4.657388419666592,1.1526224193340633,-4.6571562908760775,0.05590682324796832,4.182271400030192
2021-02-07 06:48:05.165568,0.0007703,4.661046629778772,1.1526206740048113,-4.660814500988258,0.05590682653295262,4.145479859398152
2021-02-08 07:09:40.003487,0.0007698,4.651030185201577,1.152625909992567,-4.650792820423306,0.055906826370590204,4.108697045412371
2021-02-09 05:38:49.064639,0.000771,4.649647884433997,1.152625909992567,-4.649414010314231,0.05590682759316344,4.0747329381685615
2021-02-10 06:00:23.888736,0.0007714,4.640573917652879,1.1526224193340633,-4.6403295715576,0.05590682770140785,4.037943142865773
2021-02-11 06:21:58.693823,0.000771,4.634681686098147,1.1526189286755593,-4.6344338493443615,0.055906828682857256,4.0011498569044806
2021-02-12 04:51:07.737695,0.0007711,4.634163323310303,1.1526171833463073,-4.6339224678735285,0.055906829566548244,3.967175277685159
2021-02-13 05:12:42.518591,0.0007723,4.631821091454127,1.1526136926878032,-4.631575000029597,0.05590683225086264,3.9303715197483546
2021-02-14 05:34:17.269248,0.0007786,4.627449041677882,1.1526102020292992,-4.627209931570358,0.05590683580859708,3.893579979116314
2021-02-15 09:40:43.544063,0.000784,4.6261871686286895,1.1526102020292992,-4.6259655118136855,0.055906838210193065,3.851124845061552
2021-02-16 08:09:52.560287,0.0007771,4.6295626354020465,1.1526276553218193,-4.629344469245547,0.05590684583355469,3.8171415391959704
2021-02-17 04:46:35.844672,0.0007757,4.62752583616497,1.1526294006510713,-4.627298943362211,0.055906848486417984,3.7860066106696437
2021-02-18 05:08:10.651488,0.0007743,4.630424828052533,1.1526311459803231,-4.6301909539327655,0.05590684865055969,3.749213324708351
2021-02-19 09:14:36.943584,0.0007787,4.633423303707458,1.1526276553218193,-4.63321386419722,0.05590684823501097,3.706744228019573
2021-02-20 11:28:37.598016,0.0007773,4.6260091450449865,1.1526346366388271,-4.625799705534746,0.055906840115712356,3.667121763340798
2021-02-21 09:57:46.703231,0.0007794,4.631199754240418,1.152648599272843,-4.63102696664447,0.05590683239132229,3.633145438792224
2021-02-22 08:26:55.874975,0.0007788,4.631609906614636,1.152653835260599,-4.631407448421404,0.05590682650924451,3.5991830768776665
2021-02-23 03:11:13.545023,0.0007746,4.6316273599071565,1.1526520899313473,-4.631407448421404,0.05590681861676831,3.570879072398075
2021-02-24 03:32:48.414912,0.0007739,4.61931755269284,1.1526520899313473,-4.619095895877837,0.0559068159533742,3.534094513083042
2021-02-25 07:39:14.851295,0.0007728,4.628112266793639,1.1526608165776069,-4.6279028272834,0.0559068091334566,3.491641124357532
2021-02-26 08:00:49.809311,0.0007757,4.624056121612004,1.1526625619068591,-4.623822247492238,0.05590680301045125,3.4548565650424994
2021-02-27 08:22:24.758687,0.0007773,4.640252777070512,1.152671288553119,-4.640029374926256,0.05590679592864943,3.418068515068963
2021-02-28 08:43:59.681280,0.0007787,4.632723426677408,1.152678269870127,-4.632507005850162,0.05590679169531186,3.3812752291076706
2021-03-01 07:13:08.831424,0.0007767,4.629524238158504,1.152680015199379,-4.629299090684995,0.05590679137914087,3.347316357851617
2021-03-02 09:27:09.491903,0.0007763,4.62395489251539,1.1526835058578828,-4.6237227637248735,0.055906792624386144,3.3077026198191017
2021-03-03 07:56:18.620447,0.0007754,4.616818241203984,1.152685251187135,-4.616589603071974,0.05590679296318109,3.2737472392215516
2021-03-04 08:17:53.524031,0.0007739,4.61880093523425,1.1526922325041429,-4.618593241053262,0.055906792135344496,3.2369574439187634
2021-03-05 08:39:28.507104,0.0007759,4.623335300630932,1.152686996516387,-4.623110153157425,0.05590678662177363,3.200162412628219
2021-03-06 09:01:03.415871,0.0007759,4.624441839376696,1.1526747792116232,-4.624202729269172,0.05590678538518048,3.1633551640329105
2021-03-07 07:30:12.563423,0.0007837,4.625963766484435,1.152669543223867,-4.625747345657187,0.05590678183659192,3.129371858167329
2021-03-08 13:29:04.748064,0.0007852,4.628110521464388,1.1526730338823712,-4.6279115539296605,0.05590678133544025,3.0840858000658318
2021-03-09 08:13:22.382688,0.0007847,4.625068412578162,1.152671288553119,-4.6248537370801674,0.055906781389547466,3.055787031573996
2021-03-10 06:42:31.521599,0.0007867,4.622356170920562,1.1526747792116232,-4.622134514105559,0.055906783158826336,3.0218229243301864
2021-03-11 12:41:23.688096,0.0007858,4.627229130192131,1.152680015199379,-4.627028417328152,0.05590678662034072,2.9765421022164453
2021-03-12 09:18:07.076159,0.0007883,4.632529695130437,1.1526835058578828,-4.6323307275957095,0.055906787647384174,2.945412409677875
2021-03-13 09:39:41.990976,0.0007846,4.6398653139765695,1.152676524540875,-4.639664601112591,0.05590678699052107,2.9086103970703223
2021-03-14 10:01:16.915296,0.0007845,4.639781538172474,1.152680015199379,-4.639575589320739,0.05590678670761629,2.8718223470967854
2021-03-15 08:30:26.070623,0.0007855,4.638835569717893,1.152680015199379,-4.638627875536905,0.05590678648934429,2.8378722024869916
2021-03-16 08:52:00.987168,0.0007848,4.631440609677194,1.152681760528631,-4.6312346608254575,0.05590678569294056,2.8010893885012114
2021-03-17 09:13:35.914079,0.0007851,4.632088126829682,1.152688741845639,-4.631882177977946,0.055906785127143324,2.764303083856927
2021-03-18 13:20:02.341823,0.000784,4.638235176455207,1.152699213821151,-4.638062388859259,0.05590678454034952,2.7218636577654327
2021-03-19 09:56:45.761856,0.0007828,4.633437266341475,1.152702704479655,-4.633220845514227,0.05590678639682183,2.690739201214618
2021-03-20 08:25:54.899039,0.0007845,4.631189282264906,1.152702704479655,-4.630965880120651,0.055906788143355965,2.6567768393000604
2021-03-21 08:47:29.778431,0.0007861,4.631180555618646,1.152700959150403,-4.630967625449902,0.05590678955106257,2.619978317351012
2021-03-22 09:09:04.663007,0.0007853,4.629201352246884,1.1526974684918991,-4.628991912736645,0.05590679048887001,2.5831867767189713
2021-03-23 09:30:39.568319,0.0007826,4.633740953631322,1.152700959150403,-4.633531514121083,0.05590679212697887,2.546403962733191
2021-03-24 02:22:31.417535,0.0007846,4.63116659298463,1.1526974684918991,-4.630957153474389,0.055906792104330263,2.5209273916418296
2021-03-25 10:13:49.313279,0.0007974,4.63857900631785,1.152686996516387,-4.638397492075642,0.05590679373943995,2.4727877202133217
2021-03-26 12:27:49.978943,0.0007956,4.635259390080557,1.152688741845639,-4.635072639850593,0.05590679399087598,2.4331652555345467
2021-03-27 09:04:33.339359,0.0007984,4.636414798045377,1.152686996516387,-4.636240265120177,0.055906794569051385,2.402028581678968
2021-03-28 09:26:08.233439,0.0007993,4.645029743233221,1.1526835058578828,-4.644858700966524,0.05590679459001854,2.3652283144006674
2021-03-29 02:18:00.095616,0.0007998,4.641128932355014,1.1526835058578828,-4.640945672783553,0.05590679424074307,2.3397587246263143
2021-03-30 10:09:18.013823,0.0007993,4.642151695296683,1.152680015199379,-4.641971926383728,0.055906795091229984,2.2916365064903266
2021-03-31 08:38:27.132864,0.0008007,4.644593410920222,1.1526747792116232,-4.644408406019512,0.05590679573394249,2.257670653917265
2021-04-01 01:30:18.961344,0.0007995,4.642783504485904,1.1526730338823712,-4.6426037355729495,0.05590679657393541,2.23219931881366
2021-04-02 09:21:36.876959,0.0007974,4.648183553191575,1.152678269870127,-4.647989821644604,0.05590680086497946,2.184087572653184
2021-04-03 04:05:54.454560,0.000797,4.648080578765707,1.1526730338823712,-4.647897319194248,0.05590680216254982,2.155783568173592
2021-04-04 08:12:20.816639,0.0007987,4.640364478142639,1.1526730338823712,-4.640182963900432,0.05590680517527665,2.113335415435838
2021-04-05 01:04:12.648576,0.000799,4.638275319028002,1.152669543223867,-4.6380885687980395,0.05590680580748002,2.087862335002981
2021-04-06 01:25:47.510688,0.000803,4.638823352413129,1.152671288553119,-4.638631366195408,0.05590680859152142,2.0510620677246805
2021-04-07 01:47:22.341695,0.0008018,4.636088421475254,1.1526660525653631,-4.635913888550055,0.05590680962708608,2.014263545775632
2021-04-08 02:08:57.196032,0.0008023,4.636402580740612,1.1526625619068591,-4.63623328380317,0.055906809909999675,1.9774754958020953
2021-04-09 08:07:49.331423,0.0008018,4.636362438167817,1.1526625619068591,-4.636191395901122,0.05590681047758398,1.9321789657250863
2021-04-10 10:21:49.944383,0.0008032,4.644612609541993,1.1526451086143392,-4.644441567275299,0.055906808268159816,1.8925268304490275
2021-04-11 06:58:33.278016,0.0008048,4.6429004415457875,1.152648599272843,-4.642731144608344,0.05590680960081904,1.8613971379104564
2021-04-12 09:12:33.884064,0.0008043,4.642593263597436,1.1526451086143392,-4.64241349468448,0.055906810931569954,1.8217624559269172
2021-04-13 09:34:08.715071,0.0008053,4.639064207849905,1.1526451086143392,-4.638889674924704,0.05590681320202033,1.7849639339778687
2021-04-14 08:03:17.792639,0.0008044,4.64058264429914,1.1526451086143392,-4.640411602032443,0.05590681490479568,1.7510015720633112
2021-04-15 10:17:18.391776,0.0008028,4.640533775080083,1.1526451086143392,-4.640348770179372,0.05590681822303049,1.711377362055284
2021-04-16 08:46:27.463295,0.0008057,4.6368389130536105,1.1526433632850872,-4.636659144140657,0.055906819412465794,1.6774132548114742
2021-04-17 07:15:36.491616,0.0008048,4.649721188262581,1.1526433632850872,-4.6495553819836415,0.055906824651845266,1.6434474022384125
2021-04-18 07:37:11.327807,0.0008007,4.654098474026583,1.1526416179558352,-4.653939649064652,0.055906824793133025,1.6066506256186162
2021-04-19 07:58:46.177824,0.0008001,4.6479339711085395,1.1526433632850872,-4.647761183512592,0.05590682513194751,1.5698608303158277
2021-04-20 08:20:21.014880,0.0008018,4.64406632148612,1.1526416179558352,-4.643895279219424,0.05590682444388024,1.5330623083667791
2021-04-21 08:41:55.862304,0.0008013,4.643446729601662,1.1526433632850872,-4.6432774326642186,0.055906823822139295,1.4962707677347389
2021-04-22 07:11:04.949376,0.0007984,4.643581119954065,1.1526433632850872,-4.643404841699613,0.055906823778368454,1.462297933844669
2021-04-23 01:55:22.517472,0.0007945,4.651288493930871,1.1526416179558352,-4.651126178310437,0.05590682260981155,1.433979966731061
2021-04-24 07:54:14.645951,0.0007947,4.653435248910825,1.1526416179558352,-4.653257225327121,0.055906822653480806,1.3886939086295642
2021-04-25 08:15:49.484735,0.000795,4.652651596076679,1.1526416179558352,-4.652477063151481,0.05590682182391822,1.351900622668272
2021-04-26 06:44:58.574399,0.0007966,4.651370524405716,1.1526433632850872,-4.65118901016351,0.05590682251210936,1.317938260753714
2021-04-27 07:06:33.412320,0.0007966,4.6495466553373825,1.1526398726265832,-4.649368631753679,0.05590682135415534,1.2811432294631697
2021-04-28 07:28:08.257151,0.0007703,4.6837673259812345,1.1527515736987106,-4.6879334269057455,0.05590375021131538,1.2442714036855373
2021-04-29 07:49:52.663871,0.0009097,4.754880766353743,1.152699213821151,-4.751810732199486,0.055911043272492626,1.2075042976630248
2021-04-30 06:18:52.147584,0.0007928,4.6282955263650996,1.1526608165776069,-4.628108776135135,0.055906827908758915,1.173620475564807
2021-05-01 06:40:27.115103,0.0008033,4.624270797109999,1.152657325919103,-4.624328392975316,0.05590679824006325,1.1368254442742625
2021-05-02 05:09:36.609983,0.0008065,4.614900124356043,1.1526503446020953,-4.614746535381867,0.05590678487785696,1.1028473743964369
2021-05-03 05:31:11.597376,0.0007989,4.616102656210667,1.152657325919103,-4.615921141968459,0.055906780644199676,1.0660645604106564
2021-05-04 04:00:20.760480,0.0007978,4.619211087608468,1.152655580589851,-4.619041790671025,0.055906777336323474,1.0320969625083427
2021-05-05 04:21:55.689984,0.0008057,4.635908652562298,1.152690487174891,-4.635800442148675,0.055906771582292736,0.9953019312177984
2021-05-06 06:35:56.447231,0.0008033,4.638798917803601,1.1526922325041429,-4.638652310146433,0.05590676807879096,0.9556707398927631
2021-05-07 05:05:05.625023,0.0008046,4.63537632714044,1.152702704479655,-4.635201794215241,0.05590677011178905,0.9216979060026934
2021-05-08 12:56:23.585567,0.0008029,4.632564601715477,1.152718412442923,-4.632388323461026,0.055906776959698354,0.8735861598422178
2021-05-09 03:55:49.645919,0.0008026,4.63907817048392,1.1527166671136708,-4.638905382887972,0.05590678578984215,0.8509370221390874
2021-05-10 04:17:24.562463,0.0008025,4.637523082120394,1.152711431125915,-4.637348549195194,0.055906784817036266,0.8141402455192909
2021-05-11 00:54:07.953120,0.0008016,4.636872074309399,1.152718412442923,-4.6367062680304585,0.055906785822992446,0.7830210249562319
2021-05-12 03:08:08.636927,0.0008017,4.629794764192562,1.1527149217844188,-4.629623721925867,0.05590678501436938,0.7434037962652127
2021-05-13 10:59:26.625983,0.0008018,4.634032423616404,1.1527149217844188,-4.633864872008212,0.05590678379184308,0.6952937954339891
2021-05-14 11:21:01.559808,0.0008014,4.633405850414938,1.1527253937599309,-4.633233062818991,0.05590678499517382,0.6585109814482085
2021-05-15 02:20:27.684096,0.0008002,4.633035840613515,1.152732375076939,-4.632859562359064,0.05590678464759109,0.6358688250620861
2021-05-16 04:34:28.369631,0.0007986,4.630869887011791,1.152730629747687,-4.630691863428087,0.05590678496364029,0.5962533417003187
2021-05-17 03:03:37.534463,0.0007988,4.626906244280511,1.152732375076939,-4.626724730038304,0.055906784909509184,0.5622997064320211
2021-05-18 03:25:12.467423,0.000798,4.625241200174109,1.1527358657354427,-4.625059685931902,0.055906784408244654,0.5255168924462407
2021-05-19 09:24:04.680576,0.0007981,4.62412244412358,1.152730629747687,-4.6239444205398765,0.055906783260811686,0.4802238530277358
2021-05-20 02:15:56.543616,0.0007982,4.624108481489564,1.152730629747687,-4.623923476588853,0.055906784396021994,0.4547507725948785
2021-05-21 08:14:48.744672,0.000799,4.622755851319269,1.152727139089183,-4.622579573064817,0.05590678402404843,0.40946820515188564
2021-05-22 08:36:23.671583,0.0007972,4.62437551686512,1.1527219031014269,-4.624188766635156,0.05590678449202465,0.3726731738613412
2021-05-23 08:57:58.584671,0.0007954,4.622600517015842,1.152720157772175,-4.622410276127374,0.05590678515735861,0.33587988790004875
2021-05-24 09:19:33.492575,0.000796,4.621055900627827,1.152718412442923,-4.620870895727115,0.05590678569179669,0.2990935832557643
2021-05-25 07:48:42.648767,0.0007959,4.6183331869947155,1.152718412442923,-4.618146436764752,0.05590678591010189,0.2651347119997106
2021-05-26 08:10:17.566175,0.0007966,4.617738029719786,1.152711431125915,-4.617547788831318,0.055906785035123335,0.22833968070916616
2021-05-27 14:09:09.770687,0.0007965,4.614842528490727,1.152707940467411,-4.614645306285251,0.05590678501240191,0.1830553679369213
2021-05-28 08:53:27.398399,0.0007966,4.612072690967811,1.1527061951381588,-4.611873723433084,0.05590678467358285,0.1547548541158332
2021-05-29 07:22:36.531264,0.0007949,4.618542626504954,1.152700959150403,-4.618347149628731,0.05590678588379964,0.12078202022576359
2021-05-30 07:44:11.430528,0.0007945,4.623682621152079,1.152693977833395,-4.623483653617351,0.055906786143971154,0.08397826228895916
2021-05-31 08:05:46.331519,0.0007965,4.618540881175703,1.152693977833395,-4.618347149628732,0.05590678583841348,0.047183230998414705
2021-06-01 06:34:55.466976,0.000795,4.622097862191268,1.152693977833395,-4.621905875973548,0.05590678697356378,0.013208651779093087
2021-06-02 06:56:30.356736,0.0007945,4.61930882604658,1.152686996516387,-4.6191185851581125,0.05590678740837257,6.25959543700963
2021-06-03 07:18:05.259456,0.0007962,4.614107744875637,1.152690487174891,-4.613917503987169,0.055906787955104426,6.22280389637759
2021-06-04 05:47:14.405279,0.0007975,4.615191594341125,1.152688741845639,-4.615006589440415,0.05590678704872331,6.188843279792285
2021-06-05 06:08:49.285536,0.0008,4.61694565023938,1.152686996516387,-4.616758900009416,0.05590678963532982,6.152043012513984
2021-06-06 14:00:07.221887,0.0007984,4.611117995866971,1.152686996516387,-4.610936481624765,0.05590679011554932,6.103929521024257
2021-06-07 06:51:59.085791,0.000799,4.610240095253217,1.152685251187135,-4.610053345023254,0.0559067893837884,6.078449459274392
2021-06-08 05:21:08.207423,0.0007987,4.611899903371864,1.152688741845639,-4.611718389129656,0.05590679119663794,6.044485352030582
2021-06-09 05:42:43.102367,0.0007958,4.612688792193766,1.152686996516387,-4.6125002966345505,0.0559067926041736,6.007693811398542
2021-06-10 06:04:17.990400,0.0007969,4.610275001838257,1.152671288553119,-4.610081270291286,0.05590679038432844,5.970888308132484
2021-06-11 04:33:27.113759,0.0007965,4.610528074579796,1.152676524540875,-4.610337833691329,0.05590679257967176,5.936922455559423
2021-06-12 04:55:02.003519,0.0007948,4.611929573969149,1.152678269870127,-4.611735842422178,0.055906793922658495,5.900127424268878
2021-06-13 05:16:36.886367,0.0007936,4.612219298624979,1.152681760528631,-4.612020331090252,0.05590679652138966,5.863339374295342
2021-06-14 11:15:29.038175,0.0007971,4.610664210261453,1.152681760528631,-4.610468733385229,0.055906798922918714,5.8180515708645935
2021-06-15 04:07:20.879615,0.0007957,4.6135893820877945,1.1526747792116232,-4.61340088652858,0.055906797742196854,5.792568018456224
2021-06-16 04:28:55.756416,0.0007971,4.610295945789282,1.1526730338823712,-4.610105704900813,0.05590679845130199,5.755776477824184
2021-06-17 04:50:30.660000,0.0007937,4.610587415774364,1.152669543223867,-4.610395429556644,0.055906796900277854,5.718979701204388
2021-06-18 08:56:57.082560,0.0007948,4.609557671515688,1.1526660525653631,-4.609362194639465,0.05590679548040583,5.676515840503366
2021-06-21 08:09:16.016543,0.0007918,4.609109121897925,1.152669543223867,-4.60891189969245,0.05590679336360262,5.568954689361459
2021-06-22 08:30:50.910623,0.0007924,4.60888571975367,1.1526747792116232,-4.608679770901935,0.055906794642087004,5.532161403400166
2021-06-23 20:07:00.356448,0.000789,4.618200541971564,1.1526660525653631,-4.6179701585103015,0.05590679604779302,5.478366865195197
2021-06-24 11:06:26.416799,0.0007911,4.618481539981135,1.1526677978946152,-4.618280827117156,0.05590679629937906,5.455721218150571
2021-06-25 09:35:35.530656,0.0007931,4.615271879486718,1.1526660525653631,-4.615072911951989,0.055906797052166515,5.421753620248257
2021-06-26 08:04:44.653151,0.0007919,4.614226427264772,1.1526643072361111,-4.614023969071542,0.05590679741187834,5.387786022345944
2021-06-27 08:26:19.538592,0.0007941,4.613982081169493,1.1526660525653631,-4.61378660429327,0.0559067974014981,5.350987500396895
2021-06-28 10:40:20.178336,0.0007967,4.608259146552204,1.1526643072361111,-4.608068905663737,0.05590679736839583,5.311359799730363
2021-06-29 01:39:46.255968,0.0007983,4.6066394810063525,1.1526643072361111,-4.606452730776389,0.05590679741211762,5.288715898014989
2021-06-30 09:31:04.202688,0.0007964,4.605564358187125,1.1526660525653631,-4.605372371969405,0.05590679626637776,5.240607642513018
2021-07-01 09:52:39.095903,0.0007969,4.603398404585399,1.152669543223867,-4.603209909026185,0.05590679598350009,5.203819592539482
2021-07-02 10:14:13.986527,0.0007961,4.604415931539313,1.1526677978946152,-4.604227435980098,0.05590679560097713,5.167024561248937
2021-07-03 08:43:23.109024,0.0007939,4.600632057720988,1.1526660525653631,-4.6004365808447645,0.05590679609163716,5.133060454005127
2021-07-04 14:42:15.283296,0.0007962,4.600246339956298,1.1526677978946152,-4.60005609906783,0.05590679538267196,5.087779631891387
2021-07-05 11:18:58.632480,0.0007958,4.596237318664468,1.1526747792116232,-4.596045332446748,0.05590679896473053,5.0566551753405715
2021-07-06 07:55:41.995488,0.0007947,4.596746954806049,1.152671288553119,-4.596553223259079,0.0559067983743524,5.02551675615574
2021-07-07 10:09:42.643008,0.0007944,4.598108311622605,1.1526730338823712,-4.597912834746382,0.055906799324436623,4.985892546147713
2021-07-08 10:31:17.512032,0.0007962,4.597528862310942,1.1526625619068591,-4.597336876093223,0.05590679864503068,4.949088788210909
2021-07-09 10:52:52.391424,0.0007969,4.602070209024632,1.1526625619068591,-4.601890440111675,0.05590679855773333,4.9123024835666245
2021-07-10 11:14:27.279455,0.0007968,4.600476723417561,1.152659071248355,-4.600293463846103,0.05590679726879879,4.875502216288324
2021-07-11 09:43:36.416640,0.0007969,4.600712342866581,1.152657325919103,-4.600520356648862,0.05590679727926329,4.841531127727506
2021-07-12 06:20:19.774463,0.0007962,4.600412146235238,1.1526520899313473,-4.600218414688266,0.05590679683033746,4.810399689859683
2021-07-13 10:26:46.170239,0.000796,4.598825641945174,1.1526608165776069,-4.598645873032219,0.0559067979568962,4.767958518438937
2021-07-14 14:33:12.572927,0.0007954,4.602220307340303,1.152648599272843,-4.602017849147072,0.05590679811741723,4.725485931091655
2021-07-15 07:25:04.399680,0.0007963,4.599804771655544,1.152648599272843,-4.5996058041208165,0.05590679907801008,4.700016341317301
2021-07-16 13:23:56.547167,0.000797,4.601145184521075,1.152653835260599,-4.600958434291112,0.05590680044383562,4.654745991179073
2021-07-17 10:00:39.889440,0.0007985,4.596095946995056,1.152655580589851,-4.595910942094344,0.055906801786947125,4.62361455331125
2021-07-18 08:29:48.975647,0.0007983,4.593443046532025,1.1526451086143392,-4.5932405883387935,0.055906803159547096,4.589620775470157
2021-07-19 10:43:49.569600,0.0008021,4.58549307178919,1.1526451086143392,-4.58529235892521,0.05590680599770575,4.550000056120633
2021-07-20 12:57:50.173056,0.0008005,4.595806222339224,1.1526503446020953,-4.595631689414025,0.055906808935271265,4.5103758461126064
2021-07-21 09:34:33.524832,0.0008039,4.591149683894903,1.1526503446020953,-4.590976896298957,0.055906808673428836,4.47924964423254
2021-07-22 09:56:08.398175,0.000804,4.601365096006827,1.1526503446020953,-4.601192308410878,0.055906809764977125,4.442458103600499
2021-07-23 12:10:09.024960,0.0008065,4.606691840883913,1.1526503446020953,-4.606529525263476,0.0559068095031011,4.402833893592471
2021-07-24 10:39:18.136223,0.0008086,4.601190563081627,1.152646853943591,-4.601016030156427,0.055906809393112676,4.368878512994922
2021-07-25 09:08:27.219840,0.0008104,4.594523405339009,1.1526433632850872,-4.594361089718574,0.055906808235228804,4.334910915092608
2021-07-26 11:22:27.787872,0.0008165,4.588259418653601,1.1526363819680792,-4.588112810996432,0.055906809456156906,4.295270997121313
2021-07-27 09:51:36.885311,0.0008175,4.592607033820319,1.1526311459803231,-4.592444718199883,0.055906811103047155,4.261305144548251
2021-07-28 10:13:11.692992,0.0008201,4.593306910850369,1.1526294006510713,-4.593149831217688,0.055906814562882275,4.224515349245463
2021-07-29 08:42:20.757600,0.0008205,4.5954536658303216,1.152624164663315,-4.595303567514651,0.05590681529284754,4.190546006013897
2021-07-30 09:03:55.573056,0.000819,4.590578961229502,1.1526224193340633,-4.5904358442308375,0.055906817573655156,4.15375795604036
2021-07-31 07:33:04.641983,0.0008207,4.58855612462644,1.1526189286755593,-4.588414752957028,0.055906818904478885,4.1197886128087955
2021-08-01 07:54:39.463487,0.0008181,4.589200151120426,1.1526119473585512,-4.589055288792511,0.055906819906743,4.082988345530494
2021-08-02 08:16:14.282400,0.0008175,4.591474315135774,1.1526049660415432,-4.591334688795616,0.05590682029781323,4.046186332922942
2021-08-03 08:37:49.120319,0.0008181,4.588636409772032,1.1526049660415432,-4.588488056785612,0.05590682095276292,4.009394792290902
2021-08-04 08:59:23.952192,0.0008181,4.5926122698080745,1.1525997300537874,-4.59246042616315,0.055906820329181615,3.9725997610003576
2021-08-05 09:20:58.789248,0.0008128,4.62123392421153,1.1525962393952833,-4.621080335237354,0.05590682030621166,3.935796003063553
2021-08-06 09:42:33.609887,0.0008115,4.618137710118492,1.1525997300537874,-4.617975394498057,0.05590682290497349,3.8989992264437565
2021-08-07 08:11:42.664127,0.0008115,4.614727336760096,1.1526014753830391,-4.614568511798164,0.055906824771981736,3.865040355187703
2021-08-08 10:25:43.244256,0.0008096,4.617158580408123,1.1526067113707954,-4.616996264787687,0.05590682613773973,3.825419635838179
2021-08-09 08:54:52.293312,0.0008083,4.616612292352249,1.1526067113707954,-4.616451722061067,0.05590682731655821,3.7914520379358656
2021-08-10 09:16:27.084575,0.0008095,4.6115386202167015,1.1526049660415432,-4.611357105974495,0.05590683204252468,3.7546535159868175
2021-08-11 07:45:36.106847,0.0008062,4.6102505672287295,1.1526014753830391,-4.610083015620538,0.055906834115399894,3.7206894087430076
2021-08-12 02:29:53.654207,0.0008039,4.6107235514560205,1.1525979847245353,-4.610543782543065,0.055906835096767485,3.6923836589341636
2021-08-13 08:28:45.708384,0.0008049,4.615917651309955,1.1525979847245353,-4.615751845031015,0.0559068367559527,3.6470941101741627
2021-08-14 08:50:20.509152,0.0008051,4.610370994947117,1.1525997300537874,-4.610203443338927,0.05590683770607169,3.61030082421287
2021-08-15 09:11:55.312511,0.0008028,4.611229696939098,1.1526014753830391,-4.611067381318662,0.05590683756455147,3.573507538251578
2021-08-16 07:41:04.381439,0.0008025,4.606044323731424,1.1526032207122912,-4.605871536135475,0.0559068372047976,3.53954517633702
2021-08-17 08:02:39.219360,0.0008035,4.608294053137244,1.1526276553218193,-4.608126501529052,0.055906837626121426,3.502737927741712
2021-08-18 06:31:48.293472,0.0008022,4.6079781485426325,1.152625909992567,-4.607828050226962,0.05590683396893676,3.468777311156406
2021-08-19 06:53:23.160768,0.0008011,4.60366893061946,1.1526294006510713,-4.603525813620795,0.05590682888322127,3.4319822798658617
2021-08-20 07:14:58.047072,0.0007992,4.606953640271712,1.1526276553218193,-4.606833212553324,0.055906820335895516,3.395182012587561
2021-08-21 07:36:32.983488,0.0007974,4.609376157273481,1.1526206740048113,-4.609198133689777,0.055906816273433795,3.358386981297017
2021-08-22 07:58:07.863743,0.0007968,4.6095611621741925,1.152625909992567,-4.609418045175528,0.055906810260388705,3.3215989313234804
2021-08-23 06:27:17.058816,0.0007975,4.599638965376604,1.1526276553218193,-4.599466177780657,0.05590680317675314,3.287631333421167
2021-08-24 06:48:51.984000,0.0007984,4.6017525591007695,1.1526398726265832,-4.601586752821831,0.055906798562774154,3.2508432834476304
2021-08-25 05:18:01.186847,0.0007969,4.596631763075417,1.1526451086143392,-4.596443267516202,0.0559067928116528,3.2168879028500803
2021-08-26 05:39:36.123263,0.0007972,4.59279203872103,1.152646853943591,-4.592608779149572,0.055906786906865645,3.18009636221804
2021-08-27 06:01:11.057088,0.0007974,4.599490612390185,1.1526451086143392,-4.599312588806482,0.05590678250749153,3.1432960949397395
2021-08-28 04:30:20.227968,0.0007948,4.6090148741183175,1.1526416179558352,-4.608826378559103,0.05590678047620576,3.1093302423666778
2021-08-29 12:21:38.191968,0.0007957,4.605178640422435,1.1526451086143392,-4.604990144863217,0.055906779713073965,3.0612219868647066
2021-08-30 05:13:30.060192,0.000795,4.603204673038428,1.1526503446020953,-4.603014432149962,0.05590677994364279,3.0357541424196053
2021-08-31 01:50:13.446528,0.0007932,4.611447863095598,1.152646853943591,-4.611252386219374,0.05590677996449307,3.0046157232347745
2021-09-01 04:04:14.128607,0.0007926,4.608191078711377,1.1526520899313473,-4.607997347164406,0.055906779234505405,2.965003730531511
2021-09-02 04:25:49.033920,0.0007931,4.604651550988331,1.1526520899313473,-4.604459564770613,0.05590678015142144,2.9282156805579747
2021-09-03 04:47:23.951328,0.0007939,4.609208605665288,1.1526503446020953,-4.609018364776821,0.055906779419660345,2.891424139925934
2021-09-04 03:16:33.098016,0.0007937,4.605033778094518,1.1526503446020953,-4.604841791876798,0.05590677976894712,2.8574670139991323
2021-09-05 05:30:33.761088,0.0007957,4.6006564923305175,1.1526451086143392,-4.600464506112798,0.05590678010602997,2.817846294649609
2021-09-06 03:59:42.927647,0.0007961,4.60028299187059,1.152646853943591,-4.600094496311375,0.055906778480100915,2.783889168722807
2021-09-07 04:21:17.839871,0.0007952,4.59715885250952,1.1526451086143392,-4.596972102279556,0.055906777748275176,2.747102864078523
2021-09-08 02:50:27.002976,0.0007934,4.596736482830537,1.152646853943591,-4.596541005954313,0.05590677782507332,2.7131474834809732
2021-09-09 03:12:01.913472,0.0007942,4.594556566594797,1.152655580589851,-4.59436807103558,0.05590677890801285,2.6763576881781845
2021-09-10 03:33:36.840384,0.0007919,4.595191866442523,1.152659071248355,-4.594991153578542,0.055906779323623576,2.639573128863152
2021-09-11 03:55:11.762976,0.0007913,4.591097324017344,1.152657325919103,-4.590896611153363,0.05590677811153222,2.602786824218868
2021-09-12 04:16:46.663103,0.0007885,4.5916942266215255,1.152669543223867,-4.591490023099041,0.05590678201141649,2.5659848116113158
2021-09-13 02:45:55.809792,0.0007888,4.589207132437434,1.152669543223867,-4.5889994382564465,0.055906782186074734,2.5320241950260094
2021-09-14 01:15:04.956480,0.0007878,4.585943366736204,1.152669543223867,-4.585739163213721,0.055906781793081624,2.498067069099208
2021-09-15 09:06:22.922208,0.0007856,4.586669423705034,1.152669543223867,-4.586440785573023,0.05590678367045691,2.4499448509632202
2021-09-16 09:27:57.794688,0.0007839,4.5942546246342015,1.1526677978946152,-4.594045185123962,0.05590678555831393,2.413142838355668
2021-09-17 09:49:32.712096,0.0007807,4.594823601970352,1.1526660525653631,-4.594600199826095,0.055906785961614976,2.3763547883821317
2021-09-18 08:18:41.846688,0.0007767,4.605576575491889,1.152655580589851,-4.605347937359879,0.05590678650451643,2.342373227845802
2021-09-19 08:40:16.727807,0.0007794,4.605225764312238,1.152653835260599,-4.605002362167982,0.05590678747563443,2.3055747058967535
2021-09-20 18:24:00.421920,0.000779,4.602623478397514,1.152653835260599,-4.602401821582512,0.05590678904744388,2.254630290360291
2021-09-21 00:01:17.706431,0.0007791,4.60222554332806,1.1526520899313473,-4.602002141183803,0.05590678849030405,2.2461340275615824
2021-09-22 07:52:35.642783,0.0007795,4.601906148074945,1.1526451086143392,-4.601681000601438,0.055906788139197534,2.198010064096343
2021-09-23 08:14:10.530815,0.0007803,4.596909270426486,1.1526451086143392,-4.596677141635968,0.05590678870683,2.1612132874765466
2021-09-24 08:35:45.413663,0.0007781,4.599078714686714,1.1526451086143392,-4.598850076554702,0.05590678975463211,2.12441651085675
2021-09-25 07:04:54.527520,0.0007715,4.618849804453306,1.1526294006510713,-4.618615930333538,0.05590679032877727,2.0904384409789243
2021-09-26 07:26:29.402591,0.0007737,4.613050075348928,1.1526311459803231,-4.612821437216917,0.05590679001277003,2.053646900346884
2021-09-27 11:32:55.813920,0.0007725,4.6191517464139,1.1526346366388271,-4.618910890977125,0.05590679191293412,2.011191766292122
2021-09-28 06:17:13.383744,0.0007745,4.6093621946394645,1.1526363819680792,-4.6091178485441855,0.055906795701125764,1.9828825258247738
2021-09-29 06:38:48.244992,0.0007754,4.604384515612777,1.1526363819680792,-4.6041523868222605,0.055906795963129224,1.9460857492049772
2021-09-30 07:00:23.083776,0.0007729,4.612919175655029,1.152625909992567,-4.6126783202182535,0.05590679895110647,1.9092732646219128
2021-10-01 14:51:40.985568,0.0007727,4.6092068603360365,1.1526294006510713,-4.608964259570009,0.055906801113279926,1.8611580278029332
2021-10-02 00:13:49.779552,0.0007705,4.619268683473784,1.1526224193340633,-4.619029573366261,0.055906800762058895,1.8469946809229993
2021-10-03 06:12:41.933951,0.0007676,4.619298354071068,1.152625909992567,-4.619062734622048,0.05590680082837097,1.8017121134800065
2021-10-04 06:34:16.820256,0.0007656,4.617971903839552,1.1526311459803231,-4.6177275577442725,0.05590680127721564,1.764918827518714
2021-10-05 05:03:25.924607,0.0007638,4.620101205526986,1.152624164663315,-4.6198498781146995,0.05590680136262901,1.7309442482993922
2021-10-06 05:25:00.797952,0.0007635,4.61884456846555,1.1526276553218193,-4.61858975039476,0.05590680199663751,1.6941509623381
2021-10-07 09:31:27.180768,0.0007635,4.617301697406787,1.1526311459803231,-4.617053860653003,0.055906800665875264,1.6516905922955818
2021-10-08 09:53:02.048064,0.0007633,4.6133589986265315,1.1526328913095751,-4.613098944567985,0.055906802794840185,1.6149007969927933
2021-10-09 15:51:54.180863,0.0007629,4.608348158344056,1.1526346366388271,-4.608077632309997,0.055906804967459346,1.5696182295498005
2021-10-10 10:36:11.733408,0.0007636,4.600188744090982,1.1526346366388271,-4.599921708715427,0.055906806801279164,1.5413107344117043
2021-10-11 09:05:20.814432,0.0007643,4.59716757915578,1.1526363819680792,-4.59691450641424,0.055906807664084124,1.5073483724971468
2021-10-12 03:49:38.385120,0.0007646,4.5962687345910025,1.1526381272973312,-4.595992972569188,0.05590681162686064,1.4790321507127908
2021-10-13 09:48:30.481632,0.0007637,4.591828616973929,1.1526398726265832,-4.591568562915382,0.05590681314453407,1.433749583269798
2021-10-14 10:10:05.336832,0.0007673,4.587161606554097,1.1526276553218193,-4.586877117886021,0.05590681243193908,1.3969248813819695
2021-10-15 08:39:14.391071,0.0007691,4.584229453410746,1.1526294006510713,-4.583979871327711,0.055906812770844104,1.362955538150404
2021-10-16 03:23:31.970400,0.0007686,4.588344939786949,1.1526311459803231,-4.588098848362417,0.05590681267304789,1.3346428070245517
2021-10-17 01:52:41.059199,0.0007667,4.5919158834365295,1.1526171833463073,-4.591661065365738,0.05590681127210496,1.3006507745127103
2021-10-18 13:28:50.444544,0.0007709,4.583325372858214,1.1526206740048113,-4.58307753610443,0.05590681221191161,1.246870198941757
2021-10-19 13:50:25.279872,0.0007707,4.58071436029723,1.152625909992567,-4.580473504860454,0.0559068136650456,1.2100838942974725
2021-10-20 10:27:08.614368,0.0007706,4.576572693982247,1.1526276553218193,-4.5763213665699585,0.055906814396838374,1.1789542017589016
2021-10-21 14:33:35.004095,0.0007692,4.577590220936159,1.1526433632850872,-4.577347620170132,0.055906813997053745,1.1365025583626436
2021-10-22 14:55:09.849792,0.0007721,4.576040368560388,1.1526520899313473,-4.575818711745385,0.05590681446880824,1.0997179990476111
2021-10-23 02:09:44.417951,0.0007723,4.575925176829757,1.1526520899313473,-4.575682576063729,0.05590681503641864,1.0827394360842102
2021-10-24 08:08:36.549888,0.0007722,4.578541425378496,1.152653835260599,-4.578298824612469,0.05590681541891151,1.0374481419949575
2021-10-25 02:52:54.136991,0.0007723,4.573483461206217,1.1526625619068591,-4.5732338791231815,0.05590681672012704,1.0091511188323732
2021-10-26 08:51:46.271520,0.0007734,4.571787001173279,1.152671288553119,-4.571546145736503,0.055906817322780925,0.9638755327063884
2021-10-27 11:05:46.903488,0.0007717,4.572963353089123,1.152680015199379,-4.572725988310851,0.05590681705208789,0.9242495773691092
2021-10-28 09:34:56.024256,0.0007717,4.576546514043467,1.1526835058578828,-4.576316130582204,0.05590681537200846,0.8902802341375436
2021-10-29 06:11:39.389856,0.0007736,4.5790440802030705,1.152685251187135,-4.578803224766296,0.05590681544893469,0.8591487962697207
2021-10-30 14:02:57.302016,0.0007755,4.588777781441443,1.1526922325041429,-4.588557869955692,0.05590681414094276,0.811040540767749
2021-10-31 12:32:06.429695,0.0007755,4.580991867648296,1.1526957231626471,-4.580752757540774,0.055906814731270786,0.7770869054994514
2021-11-01 12:53:41.303040,0.0007804,4.588032525850842,1.152699213821151,-4.5878073783773345,0.0559068146668498,0.7402953648674108
2021-11-02 13:15:16.169471,0.000779,4.591709934584794,1.152700959150403,-4.591490023099042,0.05590681487463757,0.7035003335768664
2021-11-03 09:51:59.520383,0.0007772,4.58846885816384,1.152704449808907,-4.588252437336593,0.05590681498461628,0.6723776223553035
2021-11-04 08:21:08.630784,0.00078,4.592343489103268,1.152704449808907,-4.592113105642005,0.05590681681851387,0.6384047884652339
2021-11-05 08:42:43.493760,0.0007797,4.593219644387769,1.1527131764551668,-4.59299275158501,0.05590681881824837,0.6016202291502014
2021-11-06 01:34:35.331744,0.0007804,4.597040170120385,1.152711431125915,-4.596820258634633,0.05590681743156929,0.5761454033880922
2021-11-07 11:18:19.017216,0.000778,4.5940766010504985,1.152711431125915,-4.593860180223251,0.05590681555402446,0.5252027331808816
2021-11-08 09:47:28.131071,0.0007797,4.598101330305597,1.152709685796663,-4.597881418819846,0.05590681578286776,0.491240371266324
2021-11-09 04:31:45.727679,0.0007804,4.594582746533576,1.152709685796663,-4.5943593443893205,0.055906816001202383,0.46294858409149586
2021-11-10 03:00:54.857951,0.0007787,4.591942063375309,1.1527149217844188,-4.591704698597038,0.05590681583873726,0.4289932034939462
2021-11-11 08:59:46.987296,0.0007779,4.5880813950698975,1.1527253937599309,-4.587857992925642,0.05590681778430515,0.3837019094046934
2021-11-12 09:21:21.859776,0.0007783,4.587775962450799,1.152730629747687,-4.5875630322820555,0.055906817359935974,0.3469243314066689
2021-11-13 11:35:22.502976,0.0007804,4.590544054644462,1.152727139089183,-4.5903241431587105,0.055906816376743974,0.3072931400816336
2021-11-14 06:19:40.093536,0.0007822,4.59439250564511,1.1527149217844188,-4.594169103500854,0.055906815227600694,0.27897342763877364
2021-11-15 04:48:49.201343,0.0007817,4.593628051432735,1.152720157772175,-4.593406394617732,0.055906817117280155,0.24502153769972795
2021-11-16 10:47:41.337600,0.0007788,4.593361016057181,1.152720157772175,-4.593146340559185,0.05590681759745341,0.19974246091523906
2021-11-17 09:16:50.446272,0.0007793,4.5865647039499144,1.152718412442923,-4.586327339171643,0.05590681913610834,0.16578533498843737
2021-11-18 09:38:25.299744,0.0007802,4.590968169652696,1.1527166671136708,-4.590750003496197,0.055906818971967795,0.12899204902714492
2021-11-19 10:00:00.159264,0.0007814,4.591034492164272,1.1527166671136708,-4.590821561995528,0.055906818535393976,0.09220399905360843
2021-11-20 08:29:09.267936,0.0007833,4.5949353030424795,1.152711431125915,-4.594715391556728,0.05590681917814745,0.058236401151294796
2021-11-21 01:21:01.095552,0.0007865,4.592278911920944,1.152707940467411,-4.592059000435192,0.05590681902456222,0.03276681137694154
2021-11-22 11:04:44.732640,0.0007834,4.591409737953451,1.152709685796663,-4.591202043772464,0.055906819887211835,6.265009448349317
2021-11-23 11:26:19.588703,0.0007819,4.596287933212775,1.152699213821151,-4.596062785739268,0.055906820386598936,6.228205690412513
2021-11-24 02:25:45.645600,0.0007832,4.588027289863086,1.152693977833395,-4.587796906401823,0.05590682059270099,6.205565279355643
2021-11-25 02:47:20.487839,0.0007821,4.589351994765349,1.1526974684918991,-4.589137319267354,0.055906821313973204,6.16878072004061
2021-11-26 08:46:12.612864,0.0007841,4.591095578688092,1.152686996516387,-4.590898356482617,0.05590681801489782,6.1234859352928535
2021-11-27 01:38:04.449119,0.0007893,4.595479845769102,1.1526835058578828,-4.595279132905121,0.05590681768672904,6.0980006375552325
2021-11-28 11:21:48.183839,0.0007861,4.625553614110216,1.1526730338823712,-4.625351155916985,0.05590681002126509,6.0470527313602656
2021-11-29 07:58:31.552896,0.0007844,4.64835459545827,1.152655580589851,-4.648206242471849,0.05590680012727472,6.015916057504687
2021-11-30 02:42:49.239359,0.0007846,4.65312458030397,1.152659071248355,-4.652934339415504,0.05590679691905094,5.987620779671355
2021-12-01 03:04:24.183551,0.0007917,4.647483676161525,1.1526381272973312,-4.647317869882586,0.05590678464487281,5.950817021734551
2021-12-02 07:10:50.694240,0.0007891,4.651880160547298,1.1526363819680792,-4.651707372951351,0.05590677557358248,5.908358397021284
2021-12-03 07:32:25.654848,0.000789,4.635550860065639,1.1526381272973312,-4.635360619177173,0.05590677045469436,5.871556384413731
2021-12-04 02:16:43.298112,0.0007901,4.630936209523367,1.1526433632850872,-4.630745968634899,0.055906768938863455,5.843259361251148
2021-12-05 08:15:35.513855,0.0007941,4.614554549164147,1.1526416179558352,-4.614353836300168,0.0559067666353956,5.797971557820398
2021-12-06 08:37:10.420032,0.000795,4.606285179168199,1.1526520899313473,-4.606096683608983,0.05590676714028176,5.76117303587135
2021-12-07 08:58:45.346080,0.0007924,4.604428148844077,1.152653835260599,-4.60422219999234,0.05590676944379936,5.724381495239309
2021-12-08 07:27:54.484127,0.0007925,4.605850592184452,1.1526503446020953,-4.605651624649725,0.05590677025063425,5.690410406678492
2021-12-09 07:49:29.385984,0.0007909,4.597869201515081,1.1526520899313473,-4.59766674332185,0.055906772903483934,5.6536083940709405
2021-12-10 08:11:04.300799,0.0007924,4.60018699876173,1.152655580589851,-4.599991521885506,0.055906774279796914,5.616813362780396
2021-12-11 08:32:39.211295,0.0007907,4.601921856038213,1.1526660525653631,-4.601721143174233,0.05590677797187828,5.580014840831347
2021-12-12 08:54:14.133024,0.0007892,4.598068169049809,1.152669543223867,-4.597872692173586,0.05590677747061705,5.54322679085781
2021-12-13 07:23:23.293535,0.0007889,4.6007734293904,1.1526730338823712,-4.600569225867918,0.055906778322914144,5.509253956967741
2021-12-14 07:44:58.212671,0.0007874,4.608993930167293,1.1526625619068591,-4.608787981315558,0.055906776639164955,5.472439727055424
2021-12-15 08:06:33.133535,0.0007857,4.6146470516145035,1.152671288553119,-4.614444593421273,0.055906777547347485,5.43564469576488
2021-12-16 06:35:42.284543,0.0007836,4.615106073207778,1.152676524540875,-4.614908851002303,0.05590677799615676,5.401687569838078
2021-12-17 06:57:17.206271,0.0007836,4.615317258047269,1.152678269870127,-4.61510781853703,0.05590677947019237,5.364892538547534
2021-12-18 07:18:52.115904,0.0007835,4.6154760830092005,1.152681760528631,-4.6152701341574645,0.055906780497140283,5.328102743244745
2021-12-19 07:40:27.033311,0.000783,4.6151584330853375,1.152688741845639,-4.614945502916595,0.055906782201726284,5.291311202612705
2021-12-20 08:02:01.940352,0.0007843,4.612180901381436,1.152685251187135,-4.611966225883441,0.05590678300862056,5.254516171322161
2021-12-21 04:38:45.331007,0.0007849,4.612835399850933,1.152686996516387,-4.612625960340693,0.055906782954513984,5.223388224112841
2021-12-22 05:00:20.257055,0.0007836,4.607510400303099,1.152686996516387,-4.60729397947585,0.05590678256150997,5.1866036647978095
2021-12-23 05:21:55.190015,0.0007843,4.607449313779278,1.1526835058578828,-4.607236383610536,0.055906779962762186,5.14980514284876
2021-12-24 05:43:30.129024,0.0007805,4.613990807815753,1.152681760528631,-4.61376915100075,0.05590677883788216,5.113001384911956
2021-12-25 11:42:22.337855,0.0007813,4.608508728635239,1.152678269870127,-4.608292307807992,0.05590677763631282,5.067725798785972
2021-12-26 04:34:14.213855,0.0007783,4.614130434155913,1.152678269870127,-4.613905286682405,0.055906777243246754,5.042252718353114
2021-12-27 04:55:49.127808,0.0007761,4.614873944417263,1.1526835058578828,-4.614645306285251,0.0559067789145785,5.0054559417333175
2021-12-28 03:24:58.271903,0.0007744,4.617987611802821,1.152685251187135,-4.61776944564632,0.05590677947165316,4.971498815806515
2021-12-29 05:38:58.953119,0.000774,4.6142473712157965,1.152688741845639,-4.614020478413036,0.055906780935205014,4.931886823103253
2021-12-30 04:08:08.067840,0.0007749,4.6141443967899285,1.152685251187135,-4.613917503987169,0.05590678392517341,4.8979122438839315
2021-12-31 04:29:42.961055,0.0007659,4.630075762202133,1.152688741845639,-4.629861086704139,0.055906788051782716,4.861124193910395
2022-01-01 02:58:52.128480,0.000761,4.632177138621534,1.152688741845639,-4.6319380285140115,0.05590678914315142,4.827168813312844
2022-01-02 03:20:27.022559,0.000762,4.626243019164754,1.1526922325041429,-4.625989946423215,0.05590679261519437,4.790380763339308
2022-01-03 03:42:01.925280,0.0007621,4.620935472909439,1.1526974684918991,-4.6206806548386465,0.055906793413365526,4.753594458695024
2022-01-04 02:11:11.059872,0.0007601,4.632651868178077,1.152702704479655,-4.632447664655593,0.055906791198794804,4.719639078097474
2022-01-05 02:32:46.022207,0.0007657,4.627251819472407,1.152707940467411,-4.6270004920601195,0.05590679033800852,4.68284404680693
2022-01-06 02:54:20.914560,0.0007626,4.64336644445607,1.1527061951381588,-4.64313955165331,0.05590679078498645,4.6460385435408735
2022-01-07 10:45:38.884608,0.0007635,4.638095550115047,1.152704449808907,-4.637840732044257,0.05590679083915162,4.597916325404885
2022-01-08 09:14:48.014879,0.0007647,4.635400761749969,1.152699213821151,-4.635156415654689,0.05590679017201712,4.563957454148832
2022-01-09 09:36:22.895136,0.0007666,4.635851056696983,1.1526957231626471,-4.635604965272451,0.05590679207048108,4.527158932199783
2022-01-10 09:57:57.763295,0.0007657,4.639271902030892,1.152688741845639,-4.639020574618603,0.05590679412076365,4.4903534289337275
2022-01-11 08:27:06.888384,0.0007662,4.64040811137394,1.152680015199379,-4.640146311986141,0.05590679526465873,4.456380595043657
2022-01-12 08:48:41.748767,0.0007677,4.636973303406014,1.152681760528631,-4.636728957310736,0.05590679783029238,4.419592545070121
2022-01-13 09:10:16.611744,0.0007685,4.633662413814982,1.1526643072361111,-4.633419813048954,0.055906796013842845,4.382783551145561
2022-01-14 00:09:42.695424,0.0007687,4.628691716105302,1.1526660525653631,-4.62843689803451,0.055906797618873724,4.360148376076446
2022-01-15 00:31:17.558399,0.0007663,4.627677679809893,1.152676524540875,-4.627435079043866,0.05590680113627165,4.3233725434076735
2022-01-16 08:22:35.495615,0.0007647,4.6361721972793495,1.1526660525653631,-4.635926105854817,0.05590679919055368,4.275243343954678
2022-01-17 08:44:10.368095,0.000763,4.6378896012633115,1.152653835260599,-4.637634783192519,0.055906798608793835,4.238432604700866
2022-01-18 07:13:19.489727,0.0007614,4.640041592231021,1.1526660525653631,-4.639790264818734,0.05590680076225943,4.204482460091072
2022-01-19 07:34:54.353568,0.0007631,4.637228121476806,1.152659071248355,-4.63697679406452,0.055906800760505374,4.167683938142023
2022-01-20 07:56:29.206175,0.0007634,4.63096588012065,1.1526625619068591,-4.630714552708364,0.055906802835359044,4.130890652180732
2022-01-21 08:18:04.077791,0.0007587,4.637069296514874,1.1526625619068591,-4.636809242456327,0.055906804887294596,4.09409911154869
2022-01-22 06:47:13.166591,0.0007539,4.649464624862539,1.152653835260599,-4.649190608169975,0.05590680856335534,4.060114060353857
2022-01-23 07:08:47.981183,0.0007578,4.644260053033091,1.1526520899313473,-4.64399650831604,0.05590681136830747,4.0233190290633125
2022-01-24 07:30:22.817375,0.0007583,4.640535520409335,1.1526451086143392,-4.640270230363032,0.055906812545365954,3.9865257431020202
2022-01-25 13:29:14.932031,0.0007604,4.639997958999722,1.152653835260599,-4.639737904941174,0.05590681624806017,3.941248411646783
2022-01-26 06:21:06.740640,0.0007608,4.636713249347468,1.152646853943591,-4.636458431276678,0.05590681546033648,3.9157735858846743
2022-01-27 08:35:07.342367,0.0007626,4.634845747047834,1.1526381272973312,-4.634582202330783,0.05590681542536359,3.8761476305473948
2022-01-28 05:11:50.658720,0.0007634,4.634004498348372,1.1526363819680792,-4.633751425606833,0.05590681569781906,3.8450127020210676
2022-01-29 05:33:25.485407,0.0007637,4.634501917185191,1.1526346366388271,-4.634254080431408,0.05590681701813891,3.8082089440842632
2022-01-30 05:55:00.318144,0.0007642,4.630819272463483,1.1526398726265832,-4.6305714357097,0.055906819257201104,3.771426130098483
2022-01-31 11:53:52.433664,0.0007637,4.6308646510240346,1.1526328913095751,-4.630602851636235,0.05590681886238892,3.726127854692222
2022-02-01 04:45:44.231040,0.0007614,4.632519223154926,1.1526311459803231,-4.632260914425629,0.055906820051629405,3.700649538271609
2022-02-02 12:37:02.069760,0.0007629,4.634622344903579,1.1526189286755593,-4.634367526832788,0.05590682008119525,3.6525220841478654
2022-02-03 11:06:11.128320,0.000764,4.634002753019121,1.1526189286755593,-4.633744444289825,0.055906822264323544,3.6185509955870474
2022-02-04 11:27:45.942047,0.0007647,4.6350988197893725,1.1526224193340633,-4.634837020401574,0.055906825518077075,3.5817559642965033
2022-02-05 09:56:54.985920,0.0007632,4.642532177073617,1.1526206740048113,-4.642277359002826,0.05590682858480018,3.5477901117234416
2022-02-06 12:10:55.545312,0.0007619,4.640278957009293,1.1526276553218193,-4.640025884267752,0.055906831555603526,3.5081693923739183
2022-02-07 12:32:30.371135,0.0007649,4.638783209840333,1.1526328913095751,-4.638535373086551,0.05590683226659794,3.4713795970711296
2022-02-08 11:01:39.429695,0.0007663,4.635995919024897,1.1526328913095751,-4.635748082271115,0.055906833052560355,3.437413744498068
2022-02-09 09:30:48.497759,0.000766,4.631885668636452,1.1526346366388271,-4.631637831882669,0.05590683295477073,3.4034496372542584
2022-02-10 07:59:57.565823,0.0007666,4.628312979657618,1.1526328913095751,-4.628065142903836,0.05590683235398271,3.3694837846811967
2022-02-11 10:13:58.145088,0.0007682,4.626583358368893,1.1526363819680792,-4.626339012273613,0.055906832289467766,3.3298543386854136
2022-02-12 10:35:32.970047,0.0007674,4.625117281797218,1.1526398726265832,-4.624865954384931,0.05590683292345317,3.293059307394869
2022-02-13 10:57:07.784639,0.0007675,4.626565905076372,1.152646853943591,-4.6263198136518415,0.05590683384218656,3.256266021433577
2022-02-14 09:26:16.853567,0.0007687,4.62429697704878,1.152655580589851,-4.624049140294998,0.055906835274435185,3.2223106408360267
2022-02-15 07:55:25.911263,0.0007688,4.620945944884951,1.152653835260599,-4.620698108131169,0.05590683624545779,3.1883500242507212
2022-02-16 10:09:26.474112,0.0007689,4.621621387305472,1.152659071248355,-4.621377041210192,0.05590683830984636,3.148729304901198
2022-02-17 06:46:09.782688,0.000771,4.620774902618256,1.1526643072361111,-4.620534047181481,0.05590683945740656,3.1176013576918793
2022-02-18 10:52:36.107616,0.0007715,4.620637021607347,1.1526677978946152,-4.620396166170574,0.0559068408336772,3.075147968966369
2022-02-19 07:29:19.409279,0.0007719,4.619846387456194,1.1526677978946152,-4.619614258665679,0.055906840790029944,3.0440147857692943
2022-02-20 02:13:36.986015,0.0007713,4.6202722477936815,1.152671288553119,-4.620041864332418,0.05590683924091973,3.015714271948206
2022-02-21 11:57:20.605823,0.0007748,4.618019027729357,1.1526747792116232,-4.617793880255849,0.05590683760463339,2.9647681110824915
2022-02-22 08:34:03.935136,0.0007758,4.617874165401441,1.1526747792116232,-4.617642036610927,0.0559068366877724,2.9336401638731724
2022-02-23 10:48:04.546368,0.0007731,4.621778466938152,1.152678269870127,-4.621549828806141,0.055906834352670395,2.894021189852902
2022-02-24 13:02:05.138592,0.0007784,4.622576082406314,1.152678269870127,-4.622349189603554,0.055906833130333795,2.854386507869362
2022-02-25 13:23:39.948864,0.0007788,4.624473255303232,1.152678269870127,-4.624263815792993,0.055906833392319145,2.8175949672373215
2022-02-26 00:38:14.500607,0.0007787,4.621455581026533,1.152680015199379,-4.621232178882277,0.0559068337311446,2.800619894932425
2022-02-27 12:14:23.841888,0.0007818,4.627260546118666,1.152685251187135,-4.627047615949924,0.055906836537876634,2.746848046007732
2022-02-28 10:43:32.900447,0.0007805,4.630656956843047,1.152678269870127,-4.6304440266743025,0.05590683723461845,2.712876957446914
2022-03-01 12:57:33.473663,0.0007808,4.627707350407177,1.152680015199379,-4.6274961655676865,0.055906838053738236,2.6732632194143986
2022-03-02 09:34:16.784832,0.0007813,4.621958235851107,1.152681760528631,-4.621745305682364,0.05590683882920321,2.642133526875828
2022-03-03 08:03:25.854624,0.0007829,4.620120404148757,1.152680015199379,-4.6199022379922585,0.05590683966930146,2.608174655619774
2022-03-04 12:09:52.187328,0.0007829,4.619504302922803,1.152685251187135,-4.61930009940032,0.05590683941959489,2.565731738869776
2022-03-05 03:09:18.249407,0.0007812,4.620907547641408,1.1526835058578828,-4.620691126814158,0.055906839517322206,2.5430930731421575
2022-03-06 11:00:36.122687,0.0007811,4.625496018244901,1.152681760528631,-4.625288324063913,0.05590683668976843,2.494981326981682
2022-03-07 11:22:10.955424,0.0007822,4.626110374141602,1.152680015199379,-4.62589918930211,0.05590683534675907,2.458188041020389
2022-03-08 09:51:20.027808,0.0007798,4.626859120390708,1.1526835058578828,-4.6266531715389725,0.05590683554404842,2.4242309150935877
2022-03-09 10:12:54.890783,0.0007782,4.630841961743759,1.152681760528631,-4.63064124887978,0.05590683245446902,2.387435883803043
2022-03-10 10:34:29.758079,0.0007787,4.63363448854695,1.1526747792116232,-4.633444247658481,0.05590682791185992,2.350632125866239
2022-03-11 09:03:38.877119,0.0007816,4.629972787776265,1.1526730338823712,-4.629787782875553,0.05590682394920806,2.316669763951681
2022-03-12 09:25:13.806623,0.0007823,4.644865682283533,1.1526608165776069,-4.644689404029082,0.05590681419857062,2.279853788710113
2022-03-13 04:09:31.435199,0.0007836,4.646160716588513,1.152659071248355,-4.645970475700045,0.055906811065431265,2.2515428029135127
2022-03-14 04:31:06.383712,0.0007784,4.641313937255725,1.1526608165776069,-4.641097516428477,0.05590680507311514,2.2147564982692285
2022-03-15 08:37:32.890943,0.0007853,4.641553047363248,1.152653835260599,-4.641390731742813,0.05590678489980641,2.1722786749341902
2022-03-16 08:59:07.879200,0.0007796,4.65391172379662,1.1526503446020953,-4.653738936200671,0.05590677714871877,2.135485388972898
2022-03-17 09:20:42.881279,0.0007799,4.66670673254299,1.152653835260599,-4.666506019679011,0.055906771757411676,2.0986973389993615
2022-03-18 11:34:43.591872,0.0007812,4.653021605878103,1.1526520899313473,-4.652817402355619,0.05590676718343216,2.05907836497909
2022-03-19 10:03:52.771391,0.0007782,4.650937682751222,1.1526503446020953,-4.650735224557989,0.05590676453041297,2.0251125124060287
2022-03-20 10:25:27.703488,0.0007797,4.647160790249906,1.152653835260599,-4.64694611475191,0.055906765950387495,1.988324462432492
2022-03-21 08:54:36.870047,0.0007794,4.6457872161285865,1.152657325919103,-4.645570795301339,0.055906766497058974,1.9543603551886826
2022-03-22 11:08:37.543488,0.000777,4.64854658167599,1.1526503446020953,-4.648321434202482,0.05590676850359111,1.9147309091928992
2022-03-23 07:45:20.923776,0.0007764,4.650010912918412,1.152646853943591,-4.649791001432661,0.05590676939772242,1.8836012166543283
2022-03-24 09:59:21.595487,0.0007761,4.64952745671561,1.1526398726265832,-4.649290091937337,0.055906771273336826,1.8439612986830332
2022-03-25 08:28:30.729216,0.0007753,4.650197663148376,1.1526381272973312,-4.649969025016365,0.05590677276826483,1.8099989367684752
2022-03-26 08:50:05.634528,0.0007757,4.648696679991661,1.1526328913095751,-4.648473277847405,0.05590677236302942,1.773202160148679
2022-03-27 07:19:14.729376,0.000787,4.652246679690217,1.1526224193340633,-4.652045966826238,0.055906774696582215,1.7392153636245933
2022-03-28 09:33:15.387264,0.0007916,4.652754570502547,1.152624164663315,-4.652574801589592,0.05590677521024099,1.6995981349335743
2022-03-29 08:02:24.533951,0.0007933,4.649433208936002,1.1526189286755593,-4.649242968047535,0.05590677567828068,1.6656340276897645
2022-03-30 10:16:25.193567,0.0007929,4.651363543088707,1.1526224193340633,-4.651168066212485,0.05590677792777282,1.6259976003769734
2022-03-31 08:45:34.325567,0.0007928,4.651548547989419,1.152625909992567,-4.651367033747212,0.05590677834348001,1.5920387291209197
2022-04-01 09:07:09.219647,0.000792,4.650241296379676,1.1526276553218193,-4.650049310161956,0.05590677999214377,1.5552402071718712
2022-04-02 09:28:44.073120,0.0007915,4.664882863474656,1.1526171833463073,-4.664689131927685,0.055906782892858796,1.5184207412717987
2022-04-03 09:50:18.961151,0.0007904,4.661985616916345,1.1526224193340633,-4.661793630698626,0.0559067846515934,1.4816326912982622
2022-04-04 10:11:53.851776,0.0007906,4.656037534825549,1.1526276553218193,-4.655843803278577,0.05590678575544632,1.4448428959954738
2022-04-05 08:41:02.969952,0.0007909,4.662128733915009,1.1526224193340633,-4.6619384930265415,0.05590678718399505,1.4108630807883962
2022-04-06 07:10:12.061344,0.0007939,4.664507617685477,1.152624164663315,-4.664324358114018,0.05590679075391934,1.3768954828860824
2022-04-07 07:31:46.955424,0.0007915,4.66550769134687,1.1526276553218193,-4.665322686446158,0.055906791606157975,1.3401039422540422
2022-04-08 09:45:47.622816,0.0007964,4.657686870968683,1.1526294006510713,-4.657493139421712,0.055906790940959905,1.3004797322460149
2022-04-09 08:14:56.747903,0.000795,4.659002849224687,1.152648599272843,-4.65882133498248,0.0559067932272829,1.266527842306969
2022-04-10 06:44:05.885087,0.0007929,4.656421507260988,1.152653835260599,-4.656239993018781,0.05590679289019428,1.2325672257216636
2022-04-11 07:05:40.781759,0.0007924,4.658522883680389,1.152657325919103,-4.6583413694381814,0.05590679313122592,1.1957791757481269
2022-04-12 07:27:15.687072,0.0007925,4.659315263160794,1.152659071248355,-4.659126767601579,0.05590679255316572,1.1589876351160866
2022-04-13 05:56:24.824255,0.0007923,4.655068877090692,1.1526643072361111,-4.654882126860729,0.05590679252177364,1.125028763860033
2022-04-14 06:17:59.698464,0.000792,4.6472899446145535,1.152680015199379,-4.647096213067582,0.05590679675010465,1.0882337325694884
2022-04-15 06:39:34.581311,0.0007933,4.641446582278876,1.152681760528631,-4.641254596061156,0.055906797219967025,1.051438701278944
2022-04-16 07:01:09.465023,0.0007929,4.6436631504289085,1.152686996516387,-4.643474654869694,0.05590679867305338,1.0146489059761554
2022-04-17 07:22:44.343552,0.0007938,4.643472909540442,1.152690487174891,-4.643284413981226,0.05590680013665283,0.977862601331871
2022-04-18 05:51:53.445312,0.0007906,4.643424040321386,1.152711431125915,-4.643230308774414,0.05590680756438202,0.9438862767832974
2022-04-19 06:13:28.334208,0.0007899,4.640977088710089,1.1527131764551668,-4.640786847821622,0.05590680707360382,0.9070964814805089
2022-04-20 04:42:37.482624,0.0007899,4.640017157621493,1.152720157772175,-4.6398216807452695,0.055906806376783094,0.8731393555537073
2022-04-21 06:56:38.137056,0.0007882,4.645336921181572,1.152707940467411,-4.645146680293104,0.055906802607793016,0.8335011829116641
2022-04-22 05:25:47.258687,0.0007936,4.6441797678875,1.152707940467411,-4.643991272328284,0.055906803175597125,0.7995335850093503
2022-04-23 02:02:30.626879,0.0007932,4.64329663128599,1.152709685796663,-4.643120353031539,0.055906801986242156,0.7684038924707794
2022-04-24 04:16:31.299455,0.0007918,4.642130751345658,1.152702704479655,-4.64194051045719,0.05590679975766189,0.7287709558164922
2022-04-25 04:38:06.197855,0.0007929,4.64390051520718,1.152700959150403,-4.643705038330957,0.055906799418878855,0.6919776698551998
2022-04-26 04:59:41.093663,0.0007912,4.651735298219383,1.152707940467411,-4.651548547989419,0.05590680038115327,0.6551896198816634
2022-04-27 03:28:50.246400,0.000791,4.655677996999638,1.1527149217844188,-4.655486010781917,0.055906800164609236,0.6212307486256097
2022-04-28 03:50:25.139616,0.0007914,4.653887289187092,1.152720157772175,-4.65369355764012,0.05590680183601281,0.5844426986520732
2022-04-29 04:12:00.019008,0.0007884,4.653899506491856,1.1527166671136708,-4.653705774944884,0.05590680246811415,0.5476389407152688
2022-04-30 04:33:34.917408,0.0007887,4.652473572492976,1.1527166671136708,-4.652274604958249,0.05590680229347811,0.5108508907417323
2022-05-01 04:55:09.801119,0.0007882,4.656561133601148,1.152720157772175,-4.656376128700436,0.05590680266546792,0.4740488781341799
2022-05-02 03:24:18.950399,0.0007867,4.663901988435035,1.1527219031014269,-4.663703020900308,0.055906802742261494,0.4400812802318662
2022-05-03 09:23:11.135040,0.0007836,4.659280356575755,1.152730629747687,-4.659070917065515,0.055906804654549634,0.3948161660813933
2022-05-04 04:07:28.742015,0.0007836,4.6564023086392154,1.152727139089183,-4.6561946144582285,0.05590680406423688,0.3665173975895572
2022-05-05 02:36:37.866239,0.000782,4.658283773572865,1.1527253937599309,-4.658070843404122,0.05590680534084545,0.33255329034574754
2022-05-06 01:05:46.987008,0.0007826,4.655030479847148,1.1527253937599309,-4.654819295007656,0.0559068059521326,0.2985979097481979
2022-05-07 03:19:47.635392,0.0007797,4.652155922569113,1.1527236484306789,-4.651936011083362,0.05590680639911913,0.25898417171568255
2022-05-08 09:18:39.767327,0.000783,4.652981463305307,1.1527219031014269,-4.652772023795067,0.055906808898437216,0.2137033496019417
2022-05-09 09:40:14.648448,0.0007791,4.66224392564564,1.152704449808907,-4.662022268830637,0.05590680695091698,0.17688213837261735
2022-05-10 10:01:49.532159,0.000777,4.661437583531219,1.1526974684918991,-4.661217672045468,0.055906805333572444,0.14008536175282088
2022-05-11 08:30:58.652064,0.0007775,4.666507765008262,1.152699213821151,-4.666289598851764,0.0559068061090334,0.10611601852125524
2022-05-12 08:52:33.526271,0.0007774,4.669686009576144,1.1526957231626471,-4.669467843419645,0.05590680656658616,0.06931924190145879
2022-05-13 09:14:08.416031,0.0007758,4.6725012256596115,1.152702704479655,-4.672274332856852,0.05590680805281161,0.03252595594016632
2022-05-14 07:43:17.526431,0.0007777,4.671846727190114,1.152709685796663,-4.671625070375111,0.05590680980112958,6.281752391863699
2022-05-15 08:04:52.393728,0.0007781,4.6717245541424735,1.1527149217844188,-4.671506387985976,0.05590681142887465,6.244967832548666
2022-05-16 08:26:27.260159,0.0007779,4.66618138843814,1.1527166671136708,-4.665961476952388,0.05590681294655668,6.208185018562887
2022-05-17 06:55:36.361919,0.0007802,4.660732470513413,1.1527149217844188,-4.660512559027663,0.055906813437393885,6.174229637965336
2022-05-18 07:17:11.224895,0.0007778,4.658405946620505,1.152707940467411,-4.658187780464005,0.055906813173562636,6.137438097333296
2022-05-19 07:38:46.079231,0.0007778,4.655829840644562,1.1527061951381588,-4.655606438500305,0.05590681488684369,6.100651792689011
2022-05-20 08:00:20.928384,0.000778,4.649333725168638,1.152704449808907,-4.649113813682888,0.05590681559591057,6.063861997386223
2022-05-21 06:29:30.012000,0.0007793,4.652621925479396,1.152693977833395,-4.652393287347384,0.05590681718693841,6.029892654154657
2022-05-22 01:13:47.570591,0.0007798,4.661296211861808,1.1526957231626471,-4.661081536363812,0.05590681844267987,6.001590395004317
2022-05-23 07:12:39.697344,0.0007794,4.670944391966833,1.152693977833395,-4.67072448048108,0.05590681950101672,5.956302591573569
2022-05-24 05:41:48.780096,0.0007799,4.673754372062543,1.152693977833395,-4.67353271524754,0.05590682185877149,5.922329757683499
2022-05-25 11:40:40.893887,0.0007782,4.666495547703499,1.1527061951381588,-4.666266909571489,0.055906826544555574,5.8770524262282615
2022-05-26 12:02:15.728351,0.000776,4.670602307433441,1.152704449808907,-4.670378905289186,0.05590682716621108,5.840250413620709
2022-05-27 04:54:07.549056,0.0007763,4.665842794563253,1.152700959150403,-4.665622883077502,0.05590682587730908,5.8147790785171045
2022-05-28 05:15:42.398207,0.0007759,4.67016422979119,1.152702704479655,-4.669939082317683,0.05590682643442758,5.777982301897307
2022-05-29 05:37:17.220576,0.0007745,4.665766000076165,1.1526974684918991,-4.665537361944154,0.05590682816859547,5.741182034619007
2022-05-30 09:43:43.567968,0.0007754,4.659545646622058,1.1526922325041429,-4.659313517831543,0.05590682815637231,5.698721664576489
2022-05-31 04:28:01.123104,0.0007761,4.655615165146566,1.152686996516387,-4.655384781685303,0.055906828318785594,5.67041067877989
2022-06-01 17:56:36.215232,0.0007796,4.648850268965837,1.152678269870127,-4.648630357480085,0.05590682985574396,5.6137939431744455
2022-06-02 08:56:02.261760,0.0007797,4.648890411538632,1.1526747792116232,-4.648673990711384,0.055906829527382546,5.591144805471314
2022-06-03 09:17:37.074624,0.0007755,4.662500489045684,1.152657325919103,-4.662280577559931,0.05590682928255784,5.554323594241991
2022-06-04 11:31:37.660800,0.0007765,4.661198473423696,1.1526520899313473,-4.660966344633181,0.055906830274533005,5.514694148246208
2022-06-05 11:53:12.472799,0.0007774,4.6536708683598444,1.1526520899313473,-4.653447466215588,0.05590683066752191,5.477899116955663
2022-06-06 10:22:21.544319,0.0007795,4.652218754422186,1.152648599272843,-4.651993606948678,0.05590683073217831,5.443935009711852
2022-06-07 08:51:30.612383,0.000782,4.64964090311699,1.1526433632850872,-4.649433208936002,0.055906828842525555,5.409972647797295
2022-06-08 09:13:05.455487,0.0007814,4.651103489030161,1.152646853943591,-4.65089230419067,0.05590682882158802,5.3731776165067515
2022-06-09 07:42:14.527008,0.0007836,4.647677407708496,1.152648599272843,-4.647469713527509,0.055906828811210646,5.339215254592193
2022-06-10 09:56:15.108864,0.000786,4.645836085347642,1.1526451086143392,-4.645623155178898,0.05590682830827409,5.299580572608654
2022-06-11 17:47:32.963999,0.0007895,4.6589923772491755,1.1526520899313473,-4.6588003910314555,0.055906827349672325,5.251467081118927
2022-06-12 12:31:50.514816,0.0007889,4.6530931643774345,1.152657325919103,-4.652904668818218,0.05590682893375644,5.22316831262709
2022-06-13 09:08:33.839807,0.0007913,4.6545592409491094,1.152657325919103,-4.654355037426626,0.055906829501448756,5.1920298934422595
2022-06-14 09:30:08.664768,0.0007891,4.651470008173079,1.1526608165776069,-4.6512692953091,0.05590683074663712,5.155243588797974
2022-06-15 11:44:09.212927,0.0007942,4.6455428700333075,1.1526608165776069,-4.645359610461847,0.05590683183837151,5.115608906814436
2022-06-16 00:51:09.512928,0.0007948,4.645057668501253,1.152655580589851,-4.64487091827129,0.05590683090921648,5.095792438487292
2022-06-19 18:47:45.804192,0.0007957,4.632510496508665,1.1526625619068591,-4.632325491607953,0.0559068319152898,4.959949972146069
2022-06-20 09:47:11.844671,0.0007969,4.6320410029398795,1.152659071248355,-4.631862979356176,0.055906831630624564,4.9372990891136865
2022-06-21 10:08:46.678271,0.0007961,4.634788151182518,1.1526625619068591,-4.634604891611058,0.05590683213361367,4.900500567164639
2022-06-22 12:22:47.262720,0.0007947,4.629670845815671,1.1526608165776069,-4.6294823502564535,0.05590683236233157,4.860881593144367
2022-06-23 08:59:30.594623,0.0007961,4.626988274755355,1.1526625619068591,-4.626810251171651,0.05590683099840735,4.829746664618041
2022-06-24 13:05:56.986944,0.0007937,4.63602384429293,1.1526660525653631,-4.635889453940525,0.0559068240351704,4.787295021221783
2022-06-25 13:27:31.906943,0.0007902,4.626558923759364,1.1526660525653631,-4.626452458674993,0.055906813032270915,4.7505104619067495
2022-06-26 11:56:41.122751,0.0007906,4.617186505676155,1.152671288553119,-4.617036407360484,0.055906807062894394,4.716553335979949
2022-06-27 08:33:24.547104,0.0007934,4.619020846720001,1.1526730338823712,-4.618886456367598,0.055906800328620304,4.685427134099881
2022-06-28 10:47:25.328544,0.0007951,4.617647272598682,1.1526660525653631,-4.617511136917025,0.05590678508891284,4.645795942774846
2022-06-29 09:16:34.579776,0.0007892,4.62315902237648,1.1526625619068591,-4.623001942743801,0.055906776595569904,4.611833580860289
2022-06-30 11:30:35.384543,0.0007856,4.632657104165832,1.152655580589851,-4.63250700585016,0.05590676209790774,4.572195408218245
2022-07-01 09:59:44.628000,0.0007932,4.626073722227311,1.1526625619068591,-4.6258974439728595,0.05590675812678498,4.538241772949948
2022-07-02 08:28:53.876640,0.0007898,4.6288365784332175,1.1526625619068591,-4.6286603001787645,0.05590674935064028,4.504277665706138
2022-07-03 10:42:54.644255,0.0007886,4.628866249030501,1.1526625619068591,-4.628670772154278,0.05590674555202072,4.464648219710354
2022-07-04 09:12:03.834144,0.0007877,4.627428097726858,1.1526625619068591,-4.627236111509138,0.055906745551987366,4.430689348454301
2022-07-05 11:26:04.535231,0.0007926,4.622785521916553,1.152659071248355,-4.622584809052573,0.05590674766885811,4.391065138446273
2022-07-06 13:40:05.239776,0.0007913,4.624035177660981,1.152659071248355,-4.6238327194677495,0.0559067516420318,4.35144441909675
2022-07-07 10:16:48.642527,0.0007939,4.62501430737135,1.1526608165776069,-4.624822321153629,0.05590675359644752,4.320316471887431
2022-07-08 08:45:57.822912,0.0007909,4.627768436930996,1.1526608165776069,-4.627576450713278,0.05590675521182167,4.286357600631378
2022-07-09 12:52:24.276575,0.0007896,4.6321527040120065,1.1526451086143392,-4.631951991148027,0.05590675644111804,4.243878031967088
2022-07-10 09:29:07.683647,0.0007913,4.630787856536946,1.1526398726265832,-4.630595870319229,0.05590675559931823,4.212741358111509
2022-07-11 09:50:42.626975,0.000791,4.63169193708948,1.1526398726265832,-4.631505186859517,0.05590675581761597,4.175949817479468
2022-07-12 10:12:17.569440,0.0007904,4.634023696970144,1.1526416179558352,-4.633849164044946,0.055906755239533375,4.139158276847428
2022-07-13 08:41:26.757600,0.0007933,4.629527728817007,1.1526416179558352,-4.629337487928541,0.05590675620020049,4.105197660262123
2022-07-14 09:03:01.685376,0.0007937,4.630559218404936,1.1526398726265832,-4.630374213504224,0.05590675704024638,4.068406119630082
2022-07-15 09:24:36.597599,0.0007951,4.635219247507761,1.1526363819680792,-4.635041223924056,0.05590675872035939,4.031607597681034
2022-07-16 07:53:45.774527,0.0007952,4.6336257619006895,1.1526346366388271,-4.63343377568297,0.05590675973504003,3.9976487264249796
2022-07-17 08:15:20.677247,0.000795,4.636406071399117,1.1526294006510713,-4.6362175758399005,0.05590676133822224,3.9608414778296717
2022-07-18 08:36:55.596384,0.000792,4.643186675543115,1.152624164663315,-4.643001670642403,0.055906762024399204,3.924046446539127
2022-07-19 08:58:30.506015,0.0007926,4.634030678287153,1.1526206740048113,-4.6338334560816765,0.05590676331151932,3.887246179260827
2022-07-20 07:27:39.648384,0.0007963,4.634709611366178,1.1526136926878032,-4.634524606465467,0.05590676234924455,3.853273345370757
2022-07-21 09:41:40.282944,0.0008053,4.637973377067408,1.1526032207122912,-4.637809316117721,0.05590676520663735,3.813633427399462
2022-07-22 00:41:06.377856,0.0008056,4.633107399112847,1.1525927487367793,-4.632927630199893,0.055906765400320635,3.7909773083793232
2022-07-23 10:24:50.104799,0.0008037,4.640041592231021,1.1525979847245353,-4.639872295293577,0.05590676711537813,3.7400259115258527
2022-07-24 08:53:59.248032,0.0008024,4.635381563128196,1.1525979847245353,-4.635205284873744,0.05590676851250581,3.7060652949405473
2022-07-25 07:23:08.383487,0.0008042,4.629164700332592,1.1526014753830391,-4.6289919127366455,0.05590676967054543,3.6721029330259896
2022-07-26 09:37:09.043103,0.0008055,4.62564437123132,1.1525979847245353,-4.625473328964624,0.05590677017177038,3.6324787230179623
2022-07-27 08:06:18.169920,0.000804,4.6252778520884,1.1526049660415432,-4.625096337846193,0.05590677453975884,3.598518106432657
2022-07-28 06:35:27.291551,0.0008023,4.625888717326599,1.1526014753830391,-4.62572291104766,0.05590677381834223,3.564550508530343
2022-07-29 10:41:53.721887,0.0008003,4.625396534477536,1.1526014753830391,-4.62520803891832,0.055906776656282214,3.522098865134085
2022-07-30 09:11:02.820192,0.0008051,4.6210052860795185,1.1526049660415432,-4.620820281178807,0.055906780739772455,3.4881330125610233
2022-07-31 05:47:46.159008,0.0008004,4.624012488380704,1.1526067113707954,-4.623836210126253,0.05590678396011702,3.4569980840346966
2022-08-01 08:01:46.803072,0.0007963,4.628274582414075,1.1526049660415432,-4.62809481350112,0.05590678637181014,3.4173773646851733
2022-08-02 08:23:21.692831,0.0007949,4.630342797577688,1.1526084567000472,-4.630150811359968,0.05590678809732964,3.3805788427361247
2022-08-03 08:44:56.573951,0.0007925,4.631924065879995,1.1526171833463073,-4.631730334333024,0.05590679110130996,3.343794283421092
2022-08-04 09:06:31.455072,0.0007938,4.627634046578593,1.1526224193340633,-4.627447296348631,0.055906791681266096,3.3070114694353117
2022-08-05 07:35:40.584479,0.0007953,4.628499729887582,1.1526206740048113,-4.628316470316123,0.055906790905862924,3.273043871532998
2022-08-06 07:57:15.477695,0.0007926,4.629918682569454,1.1526276553218193,-4.629726696351734,0.05590679230478738,3.2362593122179657
2022-08-07 06:26:24.601919,0.0007902,4.627569469396269,1.1526276553218193,-4.627384464495558,0.05590679178075674,3.202296950303408
2022-08-08 06:47:59.498592,0.0007912,4.6233667165574674,1.1526294006510713,-4.623166003693488,0.05590679216329561,3.1655019190128635
2022-08-09 07:09:34.370207,0.0007922,4.621041937993811,1.1526328913095751,-4.620851697105344,0.05590679240439376,3.1287121237100752
2022-08-10 05:38:43.504800,0.0007935,4.616786825277448,1.1526381272973312,-4.616596584388981,0.05590679198011874,3.0947549977832733
2022-08-11 06:00:18.388511,0.0007942,4.608658826950911,1.1526416179558352,-4.60846509540394,0.05590679248317265,3.057959966492729
2022-08-12 06:21:53.249760,0.0007928,4.6184448880668425,1.1526398726265832,-4.618247665861366,0.055906795637225476,3.0211596992144285
2022-08-13 06:43:28.125696,0.0007931,4.627707350407177,1.1526433632850872,-4.6275188548479615,0.05590679736279355,2.9843699039116403
2022-08-14 07:05:03.011136,0.0007952,4.623968855149405,1.152653835260599,-4.623782104919442,0.0559067984789881,2.9475801086088516
2022-08-15 05:34:12.144864,0.0007967,4.622448673370918,1.152655580589851,-4.622260177811702,0.05590679825027536,2.913616001365042
2022-08-16 02:10:55.495775,0.0007946,4.622558629113794,1.152655580589851,-4.622387586847098,0.05590679803188788,2.882488054155723
2022-08-17 06:17:21.935615,0.0007917,4.624464528656972,1.1526608165776069,-4.624272542439252,0.055906797782088555,2.840032920100961
2022-08-18 04:46:31.066752,0.0007932,4.624762979959063,1.1526643072361111,-4.624576229729098,0.05590679728094144,2.8060723035156556
2022-08-19 01:23:14.435807,0.0007942,4.622366642896075,1.1526677978946152,-4.622185128653866,0.05590679643047995,2.7749443563063365
2022-08-20 03:37:15.111840,0.0007956,4.623513324214635,1.1526660525653631,-4.623333555301679,0.05590679321002306,2.735334108932325
2022-08-21 03:58:50.027520,0.0007917,4.628529400484866,1.1526625619068591,-4.62833217827939,0.05590679244488966,2.698539077641781
2022-08-22 04:20:24.899135,0.0007908,4.6255640860857286,1.1526625619068591,-4.625366863880252,0.05590679423498923,2.6617527729974966
2022-08-23 02:49:34.020767,0.0007929,4.627264036777171,1.152655580589851,-4.627061578583939,0.05590679397127879,2.6277747031196705
2022-08-24 03:11:08.905343,0.0007881,4.6318420354051515,1.152653835260599,-4.631637831882667,0.055906794854796,2.5909831624876305
2022-08-25 03:32:43.789056,0.0007888,4.636713249347468,1.152659071248355,-4.636503809837228,0.0559067983163833,2.554193367184842
2022-08-26 03:54:18.660672,0.000788,4.635015043985277,1.1526643072361111,-4.634814331121297,0.05590679976946971,2.517408807869809
2022-08-27 02:23:27.775392,0.0007848,4.637620820558505,1.152671288553119,-4.637439306316296,0.05590679964017645,2.483446445955251
2022-08-28 02:45:02.681568,0.0007851,4.631447590994201,1.1526730338823712,-4.63124687813022,0.055906799717047304,2.446656650652463
2022-08-29 03:06:37.583424,0.0007822,4.632880506310088,1.152669543223867,-4.632679793446108,0.05590679799139633,2.409861619361919
2022-08-30 09:05:29.756831,0.000781,4.628520673838606,1.152669543223867,-4.628309488999115,0.055906797598396174,2.364577306589674
2022-08-31 01:57:21.605184,0.0007793,4.629026819321685,1.152669543223867,-4.6288138891529425,0.055906797554672025,2.3391112074738243
2022-09-01 02:18:56.498399,0.0007791,4.625796214876242,1.1526660525653631,-4.625572812731988,0.05590679713897258,2.3023214121710356
2022-09-02 10:10:14.425247,0.0007757,4.6304056294307605,1.1526643072361111,-4.6301769912987485,0.05590679697466345,2.2541991940350483
2022-09-03 08:39:23.529599,0.0007765,4.630684882111079,1.1526643072361111,-4.630463225296076,0.055906797542295814,2.2202368321204906
2022-09-04 01:31:15.353759,0.0007813,4.640992796673357,1.1526660525653631,-4.640772885187605,0.05590680163621688,2.1947654970168853
2022-09-05 01:52:50.210687,0.0007807,4.645879718578942,1.1526677978946152,-4.645663297751694,0.05590680472571875,2.157973956384845
2022-09-06 00:21:59.311584,0.0007814,4.640565191006619,1.1526677978946152,-4.640348770179372,0.05590680612292152,2.124015085128791
2022-09-07 00:43:34.162463,0.0007834,4.630026892983078,1.1526677978946152,-4.6298139628143335,0.05590680747651035,2.087225289826003
2022-09-08 01:05:09.007296,0.0007803,4.632636160214809,1.152657325919103,-4.632437192680081,0.055906807888460586,2.0504267678769543
2022-09-09 07:04:01.173791,0.0007791,4.632910176907371,1.1526520899313473,-4.6326937560801245,0.055906806959237255,2.0051407097754574
2022-09-10 14:55:19.098911,0.0007751,4.635758554246626,1.152653835260599,-4.635528170785364,0.0559068065556755,1.957011510322462
2022-09-11 00:17:27.900672,0.000772,4.643268706017958,1.152648599272843,-4.643038322556695,0.055906806019337174,1.9428516541010319
2022-09-12 10:01:11.551584,0.000774,4.631885668636452,1.152653835260599,-4.631651794516685,0.055906806817606125,1.8919159652108293
2022-09-13 01:00:37.618847,0.0007751,4.630573181038952,1.1526503446020953,-4.630330580272925,0.05590680744982987,1.8692703181662027
2022-09-14 12:36:46.999872,0.0007787,4.619703270457531,1.1526503446020953,-4.619471141667015,0.05590680941474149,1.8154984692415095
2022-09-15 07:21:04.568831,0.0007739,4.618738103381179,1.1526416179558352,-4.6184885212981435,0.0559068108203716,1.7871839927864055
2022-09-16 13:19:56.665343,0.0007765,4.626133063421879,1.1526346366388271,-4.625869518704826,0.05590681418058676,1.7418717547461289
2022-09-17 06:11:48.422975,0.000773,4.641989379676247,1.1526294006510713,-4.641757250885731,0.055906817530119265,1.7163847116792557
2022-09-18 12:10:40.521216,0.0007748,4.639737904941174,1.152625909992567,-4.63949879483365,0.055906819035593164,1.6710899269314987
2022-09-19 06:54:58.083263,0.0007735,4.636372910143329,1.1526294006510713,-4.636144272011316,0.05590681958224099,1.6427911584396626
2022-09-21 11:22:59.250432,0.000778,4.626251745811014,1.1526294006510713,-4.626026598337506,0.05590682189647934,1.5635444837528603
2022-09-22 13:36:59.838335,0.0007786,4.630114159445677,1.1526206740048113,-4.629899483947682,0.05590681963469411,1.5239063111108169
2022-09-23 13:58:34.715136,0.0007785,4.628667281495774,1.1526154380170552,-4.6284595873147865,0.05590681377170634,1.4871008078447605
2022-09-24 12:27:43.829855,0.0007763,4.636219321169153,1.1526224193340633,-4.635987192378638,0.05590681490868549,1.4531401912594548
2022-09-25 12:49:18.637536,0.0007762,4.62597772911845,1.1526224193340633,-4.625747345657187,0.05590681731007957,1.4163416693104065
2022-09-26 05:41:10.443552,0.0007749,4.621329917320389,1.1526328913095751,-4.621101279188378,0.05590681951772069,1.390880806182313
2022-09-27 11:40:02.542656,0.0007771,4.612690537523017,1.1526294006510713,-4.612458408732502,0.05590682001898999,1.3455947480808164
2022-09-28 10:09:11.596895,0.0007793,4.595917923411353,1.152624164663315,-4.595675322645324,0.05590682088000561,1.3116271501785026
2022-09-29 12:23:12.124320,0.0007746,4.605075665996567,1.1526119473585512,-4.604838301218296,0.05590682374735071,1.2719610522684275
2022-09-30 10:52:21.189792,0.0007746,4.608311506429764,1.1526119473585512,-4.608056688358973,0.05590682728395453,1.2379742557443418
2022-10-01 11:13:55.974144,0.0007792,4.618223231251839,1.1526049660415432,-4.61798761180282,0.05590683060055463,1.2011774791245455
2022-10-02 04:05:47.754240,0.0007771,4.638060643530007,1.1526067113707954,-4.637842477373507,0.05590683399564709,1.1756852000699163
2022-10-03 08:12:14.106816,0.0007798,4.633297640001314,1.1526136926878032,-4.633088200491075,0.05590683198916561,1.1332405379906663
2022-10-04 12:18:40.461984,0.0007839,4.631906612587475,1.152624164663315,-4.631697173077236,0.05590683249420735,1.090797621240668
2022-10-05 10:47:49.540416,0.0007815,4.623893805991569,1.1526311459803231,-4.62368436648133,0.05590683162272961,1.0568422406431184
2022-10-06 09:16:58.628351,0.0007817,4.620898820995147,1.1526416179558352,-4.620684145497152,0.05590683177831091,1.0228868600455687
